App,Package,Category,BaselinePrivacyScore,TrueLabel,Disagreement
Tamil Unicode Keyboard-Donatio,com.KM.TK.DN,Communication,0.0,Malicious,1.0
RocketDial Language Pack,inteligeen.rocketdial.language,Communication,0.0,Malicious,1.0
Tausug Public Affairs Phrases,com.robtheis.android.phrasebook.tx.pa,Communication,0.0,Malicious,1.0
Bucket Brigade Keyboard,com.bucketbrigade.softkeyboard,Communication,0.0,Malicious,1.0
Tausug Civil Affairs Phrases,com.robtheis.android.phrasebook.tx.ca,Communication,0.0,Malicious,1.0
GO SMS Pro Turkish package,com.jb.gosms.tr,Communication,0.0,Malicious,1.0
How to be Popular & get dates,com.ptajmarketing.ATeenagersGuid,Social,0.0,Malicious,1.0
Tamil Unicode Keyboard free,com.KM.TK,Communication,0.0,Malicious,1.0
Handcent Font Pack5,com.handcent.fontpack.pack5,Communication,0.0,Malicious,1.0
Turkmen Public Affairs Phrases,com.robtheis.android.phrasebook.ub.pa,Communication,0.0,Malicious,1.0
Tausug Aircrew Phrases,com.robtheis.android.phrasebook.tx.ac,Communication,0.0,Malicious,1.0
GO SMS Pro Turkish package,com.jb.gosms.tr,Communication,0.0,Malicious,1.0
Turkish Medical Phrases,com.robtheis.android.phrasebook.tu.md,Communication,0.0,Malicious,1.0
AOSP auto theme for CSipSimple,com.csipsimple.themes.aosp.auto,Communication,0.0,Malicious,1.0
Drinking Toasts,com.calebfultz.beerchants,Social,0.0,Malicious,1.0
Truckers Glossary,apps.dps.truckersglossary,Communication,0.0,Malicious,1.0
GettingThere Chinese,sjc.gtc1,Communication,0.0,Malicious,1.0
Fashgasm Elite License,com.meecal.feedreader.rebranding.FashgasmElite.License,News & Magazines,0.0,Malicious,1.0
GO Contacts iPhone Theme,com.jbapps.contact.theme.iphone,Communication,0.0,Malicious,1.0
Handcent Emoji Plugin,com.handcent.plugin.emoji,Communication,0.0,Malicious,1.0
Turkish Navy Phrases,com.robtheis.android.phrasebook.tu.nv,Communication,0.0,Malicious,1.0
GO SMS Pro Pink Sweet theme,com.jb.gosms.theme.sweet,Communication,0.0,Malicious,1.0
Tausug Medical Phrases,com.robtheis.android.phrasebook.tx.md,Communication,0.0,Malicious,1.0
Handcent Font Pack4,com.handcent.fontpack.pack4,Communication,0.0,Malicious,1.0
Turkmen Basic Phrases,com.robtheis.android.phrasebook.ub.bc,Communication,0.0,Malicious,1.0
Mobile TV,com.mtvappj,Communication,0.0,Malicious,1.0
Turkish Basic Phrases,com.robtheis.android.phrasebook.tu.bc,Communication,0.0,Malicious,1.0
Turkmen Civil Affairs Phrases,com.robtheis.android.phrasebook.ub.ca,Communication,0.0,Malicious,1.0
?????????????????????,jp.co.nttdocomo.melodycall,Communication,0.0,Malicious,1.0
Turkish Aircrew Phrases,com.robtheis.android.phrasebook.tu.ac,Communication,0.0,Malicious,1.0
Handcent Font Pack2,com.handcent.fontpack.pack2,Communication,0.0,Malicious,1.0
Drop Call,com.dropcall,Communication,0.0,Malicious,1.0
Turkmen Navy Phrases,com.robtheis.android.phrasebook.ub.nv,Communication,0.0,Malicious,1.0
i???????????? ??????????????????,ichannel.nttdocomo.co.jp,News & Magazines,0.0,Malicious,1.0
Tourism Guide,jarc.seamolec.TourismGuide,Communication,0.0,Malicious,1.0
Etiquette For Dummies,apps.dps.etiquette,Social,0.0,Malicious,1.0
Dico Francais-Tunisien V2,frTn.searchabledict,Communication,0.0,Malicious,1.0
Screen Crack with sound!,mindworker.screencrack,Social,0.0,Malicious,1.0
Talk,com.ktix007.talk,Communication,0.0,Malicious,1.0
Uncharted 3 Trophies Guide,linhel.guide.ps3.uncharted3,Communication,0.0,Malicious,1.0
Japan Earthquake Donations,com.spkx.japan.earthquake.donations.tn.applicationname,News & Magazines,0.0,Malicious,1.0
BubblePop,exam.test000,Communication,0.0,Malicious,1.0
Tausug Navy Phrases,com.robtheis.android.phrasebook.tx.nv,Communication,0.0,Malicious,1.0
"Codes, ciphers, and secret wri",com.nullpointer.s1313240117290,Communication,0.0,Malicious,1.0
Turkmen Medical Phrases,com.robtheis.android.phrasebook.ub.md,Communication,0.0,Malicious,1.0
Japan Earthquake Donations,com.spkx.japan.earthquake.donations.tn.applicationname,News & Magazines,0.0,Malicious,1.0
Hilf' Japan,hilfjapan.spendino.de,Social,0.0,Malicious,1.0
Tausug Basic Phrases,com.robtheis.android.phrasebook.tx.bc,Communication,0.0,Malicious,1.0
GettingThere Japanese,sjc.gtj1,Communication,0.0,Malicious,1.0
Missing Person: The Global Hub,com.ppl.MissingPerson,Social,0.0,Malicious,1.0
Antique Dialer,de.pajesystems.antiquedial,Communication,0.0,Malicious,1.0
Froyo theme for CSipSimple,com.csipsimple.themes.froyo,Communication,0.0,Malicious,1.0
Handcent Emoji Plugin,com.handcent.plugin.emoji,Communication,0.0,Malicious,1.0
Handcent SMS Turkish Language,com.handcent.lang.nextsms.tr,Communication,0.0,Malicious,1.0
Turkmen Aircrew Phrases,com.robtheis.android.phrasebook.ub.ac,Communication,0.0,Malicious,1.0
What is Islam?,com.oratech.gainpeace,Social,0.0,Malicious,1.0
Handcent SMS Turkish Language,com.handcent.lang.nextsms.tr,Communication,0.0,Malicious,1.0
Turkish Civil Affairs Phrases,com.robtheis.android.phrasebook.tu.ca,Communication,0.0,Malicious,1.0
Turkish Public Affairs Phrases,com.robtheis.android.phrasebook.tu.pa,Communication,0.0,Malicious,1.0
Page Ring,com.android.pagering,Communication,0.08045744357858516,Malicious,0.9195425564214148
myCU,org.hypest.mycu,Communication,0.08045744357858516,Malicious,0.9195425564214148
Name Tag,com.mollys.nametag,Social,0.08349357352494687,Malicious,0.9165064264750531
Efficiency (free),com.nubbu.efficiency.free,Communication,0.08683331646594473,Malicious,0.9131666835340553
JVC Projector Remote Control,jp.us.tx.kaz.bt,Communication,0.08683331646594473,Malicious,0.9131666835340553
Bluetooth T.K,com.junjun.Bluetoothjinyaseto,Communication,0.08683331646594473,Malicious,0.9131666835340553
On Call End (not call log),com.brosix.callend,Communication,0.09563809331039368,Malicious,0.9043619066896064
Shake&Mute,ua.in.leopard,Communication,0.09563809331039368,Malicious,0.9043619066896064
Wifi State,net.orleaf.android.wifistate,Communication,0.09563809331039368,Malicious,0.9043619066896064
Say What?! Redneck Pack,com.doubletrouble.saywhat.redneck,Communication,0.09563809331039368,Malicious,0.9043619066896064
No Butt CallsÂ®,com.nbc_service_5,Communication,0.09563809331039368,Malicious,0.9043619066896064
Callend Vibrate,com.cn.cwd.callvibrate,Communication,0.09563809331039368,Malicious,0.9043619066896064
Everyday-Nuko for DECOCUTE,jp.futurescope.decocute.pkg_0043_00,Communication,0.09897783625139155,Malicious,0.9010221637486084
Chinese Name (Man),beta.needslab.chinesename.man,Social,0.09897783625139155,Malicious,0.9010221637486084
Dog Barking Problem Solved,com.DogBarkingProblemSolved.magazine.AOTHYESLGFZCBOQKG,Social,0.09897783625139155,Malicious,0.9010221637486084
Kopp Glass Filter Catalog,com.koppglass.production.KoppGlassCatalog,News & Magazines,0.09897783625139155,Malicious,0.9010221637486084
Chinese Name (Girl),beta.needslab.chinesename.girl,Social,0.09897783625139155,Malicious,0.9010221637486084
Quasseldroid Beta,com.iskrembilen.quasseldroid,Communication,0.10137300543129912,Malicious,0.8986269945687009
PNWQuakes,com.imaginedreal.pnwquakes,News & Magazines,0.10137300543129912,Malicious,0.8986269945687009
InsideVandy,org.insidevandy.app,News & Magazines,0.10137300543129912,Malicious,0.8986269945687009
a donation box,pec.com,News & Magazines,0.10137300543129912,Malicious,0.8986269945687009
TwitPlane,jp.codedesign.android.twitplane,Social,0.10137300543129912,Malicious,0.8986269945687009
"Social Call, from O2 Labs",es.tid.socialcall,Communication,0.10137300543129912,Malicious,0.8986269945687009
BarfaLumii,com.gt3.barfalumii,News & Magazines,0.10137300543129912,Malicious,0.8986269945687009
Whois,com.nix.apps.whois,Communication,0.10137300543129912,Malicious,0.8986269945687009
Mega Millions & Powerball,com.mylottos.mmpbfree,News & Magazines,0.10137300543129912,Malicious,0.8986269945687009
Tages-Anzeiger,com.phonegap.tagesanzeiger,News & Magazines,0.10137300543129912,Malicious,0.8986269945687009
Prayers to Share,com.metosphere.prayers,Social,0.10137300543129912,Malicious,0.8986269945687009
Comments.UA,ua.Comments,News & Magazines,0.10137300543129912,Malicious,0.8986269945687009
Tunerfish,com.tunerfish.tunerfish.ui,Social,0.10137300543129912,Malicious,0.8986269945687009
Scratch My Lotto,com.scratchmylotto.app,News & Magazines,0.10137300543129912,Malicious,0.8986269945687009
Lottery Results,com.fwsmc.lotto,News & Magazines,0.10137300543129912,Malicious,0.8986269945687009
Drudge Report (1.2),com.drudge.report,News & Magazines,0.10137300543129912,Malicious,0.8986269945687009
infolive.tv,com.infolive.activity,News & Magazines,0.10137300543129912,Malicious,0.8986269945687009
EasyTether,com.mstream.easytether_polyclef,Communication,0.10137300543129912,Malicious,0.8986269945687009
Orbot: Tor on Android,org.torproject.android,Communication,0.10137300543129912,Malicious,0.8986269945687009
NVC Check-In,nl.iconsultancy.invccheckin,Communication,0.10137300543129912,Malicious,0.8986269945687009
Easter Day Cards,easterday.mobilechamps,Social,0.10137300543129912,Malicious,0.8986269945687009
Exfoliate for Facebook,com.worb.android.exfoliate,Social,0.10137300543129912,Malicious,0.8986269945687009
TwitterStorm,loc.ibaraki.storm,Social,0.10137300543129912,Malicious,0.8986269945687009
Cachetter,jp.nabe.cachetter,Social,0.10137300543129912,Malicious,0.8986269945687009
??????????????? ??????????????? ?????? ???????????? ?????? ?????????,com.oneaday2,Social,0.10137300543129912,Malicious,0.8986269945687009
HotspotConnect,net.gailly.hotspotconnect,Communication,0.10137300543129912,Malicious,0.8986269945687009
Lotto Results,com.mylottos.results,News & Magazines,0.10137300543129912,Malicious,0.8986269945687009
Reaper Two-Six,com.reapertwosix.reapertwosix_app,Social,0.10137300543129912,Malicious,0.8986269945687009
URL Shortener Ad-Free,net.ivantis.urlshortener.paid,Communication,0.10137300543129912,Malicious,0.8986269945687009
UC Spot,com.eproximiti.ucspot,Social,0.10137300543129912,Malicious,0.8986269945687009
Radiafo,sst.RadiafoVersionI,News & Magazines,0.10137300543129912,Malicious,0.8986269945687009
Krone.at,at.krone,News & Magazines,0.10137300543129912,Malicious,0.8986269945687009
Atlantic Ocean Tsunami Alerter,com.spacenext.tsunami.atlanticocean,News & Magazines,0.10137300543129912,Malicious,0.8986269945687009
FRITZ!App Ticker Labor,de.avm.android.ticker,Communication,0.10137300543129912,Malicious,0.8986269945687009
All the Press,com.mobilendo.allthepress,News & Magazines,0.10137300543129912,Malicious,0.8986269945687009
Taiwan news online,irdc.taiwannews,News & Magazines,0.10137300543129912,Malicious,0.8986269945687009
Japanese news ??,com.sakura.News2010,News & Magazines,0.10137300543129912,Malicious,0.8986269945687009
TSRinfo,ch.tsr2.android,News & Magazines,0.10137300543129912,Malicious,0.8986269945687009
Indian Ocean Tsunami Alerter,com.spacenext.indianocean,News & Magazines,0.10137300543129912,Malicious,0.8986269945687009
????????????,com.okolabo.android.koetsubu,Social,0.10137300543129912,Malicious,0.8986269945687009
Android App for SipX,tk.pankratz.sipxapp.beta,Communication,0.10137300543129912,Malicious,0.8986269945687009
Pacific Ocean Tsunami Alerter,com.spacenext.tsunami.pacificocean,News & Magazines,0.10137300543129912,Malicious,0.8986269945687009
Communicator (Beta),uc.Communicator,Communication,0.10137300543129912,Malicious,0.8986269945687009
Live C5N for your tablet,com.c5n.infobae,News & Magazines,0.10137300543129912,Malicious,0.8986269945687009
US Marine Corps News,com.marines.news,News & Magazines,0.10137300543129912,Malicious,0.8986269945687009
Web to PDF,mobi.mgeek.mypdf,Communication,0.10137300543129912,Malicious,0.8986269945687009
Feedly,com.devhd.feedly,News & Magazines,0.10137300543129912,Malicious,0.8986269945687009
Pacific Ocean Tsunami Alerter,com.spacenext.tsunami.pacificocean,News & Magazines,0.10137300543129912,Malicious,0.8986269945687009
Cal Berkeley News,com.geekworksllc.ucbnews,News & Magazines,0.10137300543129912,Malicious,0.8986269945687009
MM Emergency & Services,appinventor.ai_mcbdlm.MMemergency,Communication,0.10137300543129912,Malicious,0.8986269945687009
Ganbarou Japan (rss_twitter),jp.android_group.payforward,News & Magazines,0.10137300543129912,Malicious,0.8986269945687009
TorrentFreak Updater 1.6+,com.nomax.reader.tfreak2,News & Magazines,0.10137300543129912,Malicious,0.8986269945687009
ATS11 Adobe Tech Summit,air.com.riagora.eventapp,Communication,0.10137300543129912,Malicious,0.8986269945687009
Gazeteler,com.barisefe.gazeteler,News & Magazines,0.10137300543129912,Malicious,0.8986269945687009
UCSB Gaucho News,com.geekworksllc.ucsbnews,News & Magazines,0.10137300543129912,Malicious,0.8986269945687009
Revista Presei,mediafaxgroup.android.revistapresei,News & Magazines,0.10137300543129912,Malicious,0.8986269945687009
Xperia??? Visualizer,com.xperia.visualization,Social,0.10137300543129912,Malicious,0.8986269945687009
20Minutos RSS,com.common.Noticias20Minutos,News & Magazines,0.10137300543129912,Malicious,0.8986269945687009
LDAP To You,com.e_planit.android.ldap.ui2,Communication,0.10137300543129912,Malicious,0.8986269945687009
Deccan Chronicle,com.list.view,News & Magazines,0.10137300543129912,Malicious,0.8986269945687009
El Paso Times,com.spreedinc.providers.elpasotimes.news,News & Magazines,0.10137300543129912,Malicious,0.8986269945687009
Pants are,com.pantsare,Social,0.10137300543129912,Malicious,0.8986269945687009
Lotto Results Premium,com.mylottos.lottery,News & Magazines,0.10137300543129912,Malicious,0.8986269945687009
Trend Collect Client CHN,jp.ne.android.trendcollectclientchn,News & Magazines,0.10137300543129912,Malicious,0.8986269945687009
Tennessee Lottery Droid,com.kevtec.tnlotterydroid,News & Magazines,0.10137300543129912,Malicious,0.8986269945687009
Florida Lottery LotteryDB,com.lottery.floridadb,News & Magazines,0.10137300543129912,Malicious,0.8986269945687009
Ultimate Radar,com.radar,News & Magazines,0.10137300543129912,Malicious,0.8986269945687009
Japan Relief,com.oneeyedgiant.japanrelief,News & Magazines,0.10137300543129912,Malicious,0.8986269945687009
The GreatTouhokuEarthquake[0].,com.jp.earthquake0,News & Magazines,0.10137300543129912,Malicious,0.8986269945687009
TVGids.nl,nl.tvgids,News & Magazines,0.10137300543129912,Malicious,0.8986269945687009
Clicker.com,com.clicker,Social,0.10137300543129912,Malicious,0.8986269945687009
GO SMS Facebook Chat plug-in,com.jb.gosms.chat,Social,0.10137300543129912,Malicious,0.8986269945687009
Nederland Kranten,com.barisefe.netherlandsnewspapers,News & Magazines,0.10137300543129912,Malicious,0.8986269945687009
AsPhone,rcmgroup.app.asphone2,Communication,0.10137300543129912,Malicious,0.8986269945687009
Vector News,com.vector.apps.glossary,News & Magazines,0.10137300543129912,Malicious,0.8986269945687009
Japan Disaster Relief,com.taiic.awareness.jdr,Social,0.10137300543129912,Malicious,0.8986269945687009
Callegra Voicemail,com.callware.android.callegravoicemail2,Communication,0.10137300543129912,Malicious,0.8986269945687009
Multipost,org.sais.multipost,Social,0.10137300543129912,Malicious,0.8986269945687009
MM Emergency & Services,appinventor.ai_mcbdlm.MMemergency,Communication,0.10137300543129912,Malicious,0.8986269945687009
Texas Lottery Winning Numbers,com.ecscomputersonline.TLWN,News & Magazines,0.10137300543129912,Malicious,0.8986269945687009
Television News,com.k5software.TelevisionNewsPaid,News & Magazines,0.10137300543129912,Malicious,0.8986269945687009
UB News,com.cms,News & Magazines,0.10137300543129912,Malicious,0.8986269945687009
US Military News,com.kvnallsn.militarynews,News & Magazines,0.10137300543129912,Malicious,0.8986269945687009
Disaster Preparedness News,com.hippyapps.disasterpreparedness,News & Magazines,0.10137300543129912,Malicious,0.8986269945687009
Photo,com.draal.photo_iua,Social,0.10137300543129912,Malicious,0.8986269945687009
Wi-Fi share,ua.gradsoft.android.mds,Communication,0.10137300543129912,Malicious,0.8986269945687009
TX Lottery,com.apofa.txlotto,News & Magazines,0.10137300543129912,Malicious,0.8986269945687009
Tornado IM,com.tornado,Communication,0.10137300543129912,Malicious,0.8986269945687009
German News Online,zapDroid.DeutschNewsOnline,News & Magazines,0.10137300543129912,Malicious,0.8986269945687009
Stretto Messina,rize.app.strettomessina,News & Magazines,0.10137300543129912,Malicious,0.8986269945687009
Japanese Animation TV Season,com.anime,News & Magazines,0.10137300543129912,Malicious,0.8986269945687009
IPv6Config (root required),to.doc.android.ipv6config,Communication,0.10137300543129912,Malicious,0.8986269945687009
Buffer,org.buffer.android,Social,0.10137300543129912,Malicious,0.8986269945687009
Happening Now Full,com.douglasinfoweb.happeningnow,Communication,0.10137300543129912,Malicious,0.8986269945687009
Better Hotmail,com.appsgeyser.wWindowsHotmail,Communication,0.10137300543129912,Malicious,0.8986269945687009
TorrentFreak Updater 1.5,com.nomax.reader.tfreak,News & Magazines,0.10137300543129912,Malicious,0.8986269945687009
US Newspapers,com.barisefe.usnewspapers,News & Magazines,0.10137300543129912,Malicious,0.8986269945687009
Clicando Famosos,br.com.clicandofamosos.tela,Communication,0.10137300543129912,Malicious,0.8986269945687009
Mis Consumos,ar.com.personal,Communication,0.10137300543129912,Malicious,0.8986269945687009
Acil Telefonlar,tr.gen.hyper.aciltelefon,Communication,0.10137300543129912,Malicious,0.8986269945687009
I Can Talk,ict.em,Communication,0.10137300543129912,Malicious,0.8986269945687009
SSH Tunnel,org.sshtunnel,Communication,0.10137300543129912,Malicious,0.8986269945687009
UK & World News,net.jimblackler.newswidget,News & Magazines,0.10137300543129912,Malicious,0.8986269945687009
SleepyButton,jp.blowbend.android.tweet.nemuibutton,Social,0.10137300543129912,Malicious,0.8986269945687009
RT Actualidad,com.rt.spanish,News & Magazines,0.10137300543129912,Malicious,0.8986269945687009
BS Alarm Widget,com.nxnwsoftware.bsalarm,Social,0.10137300543129912,Malicious,0.8986269945687009
Svet Informacija,com.vision.svetinfo,News & Magazines,0.10137300543129912,Malicious,0.8986269945687009
two:ch,jp.lollipop.twoch,News & Magazines,0.10137300543129912,Malicious,0.8986269945687009
Channel 3 Eyewitness News Chat,com.mobdub.channel.WRCB,News & Magazines,0.10137300543129912,Malicious,0.8986269945687009
Delfi.ua,ua.delfi,News & Magazines,0.10137300543129912,Malicious,0.8986269945687009
Hot Text Dating US,com.hottextdating,Social,0.10137300543129912,Malicious,0.8986269945687009
Assine JC,com.i2tecnologia.AssineJC.Activitys,News & Magazines,0.10137300543129912,Malicious,0.8986269945687009
TV-Guide,com.oddin.tvguide,News & Magazines,0.10137300543129912,Malicious,0.8986269945687009
Dedo Mesmo!,br.com.dedomesmo.activity,Social,0.10137300543129912,Malicious,0.8986269945687009
DaraIRC,jp.co.webimpact.ty.darairc,Communication,0.10137300543129912,Malicious,0.8986269945687009
Turkish Earthquake InfoBrowser,com.simplyusefulapps.crisis.turkey,News & Magazines,0.10137300543129912,Malicious,0.8986269945687009
Mi Vodafone,es.vodafone.mobile.mivodafone,Communication,0.10137300543129912,Malicious,0.8986269945687009
URL Shortener Free,net.ivantis.urlshortener,Communication,0.10137300543129912,Malicious,0.8986269945687009
TorrentFreak Reader (Donation),com.torrentfreak.reader.premium,News & Magazines,0.10137300543129912,Malicious,0.8986269945687009
U.S. Newspaper,com.usNewspaper,News & Magazines,0.10137300543129912,Malicious,0.8986269945687009
DH Dating,searchfloor.datehookupdating,Social,0.10137300543129912,Malicious,0.8986269945687009
Arizona Wildcat News,com.geekworksllc.uawildcatnews,News & Magazines,0.10137300543129912,Malicious,0.8986269945687009
Austin TX News,com.slimel.austinnews2,News & Magazines,0.10137300543129912,Malicious,0.8986269945687009
PhotoBeam Pro,com.coderine.android.photobeampro,Social,0.10137300543129912,Malicious,0.8986269945687009
Entree AnyConnect Compatible,com.jdh.pandora.entree,Communication,0.10137300543129912,Malicious,0.8986269945687009
KtoZvonit,org.kto.ktozvonit,Social,0.10137300543129912,Malicious,0.8986269945687009
Deutsche Zeitungen,com.barisefe.germanynewspapers,News & Magazines,0.10137300543129912,Malicious,0.8986269945687009
AndroidPIT,de.androidpit.app,News & Magazines,0.10137300543129912,Malicious,0.8986269945687009
Tiny Tiny IRC,org.fox.ttirc,Communication,0.10137300543129912,Malicious,0.8986269945687009
Medit??ci??Port??l,hu.tminfo,News & Magazines,0.10137300543129912,Malicious,0.8986269945687009
"News: UK,USA, World Newspapers",com.newspaper.android,News & Magazines,0.10137300543129912,Malicious,0.8986269945687009
Zeitungskiosk,com.stephan.zeitungskiosk,News & Magazines,0.10137300543129912,Malicious,0.8986269945687009
"TN-DAV-Chapter 7-Jackson, TN",com.dreamstep.wDAVChapter7JacksonTN,Social,0.10137300543129912,Malicious,0.8986269945687009
TwitTL 2 Plugin for Liveview,jp.ddo.dekuyou.liveview.plugins.twittertl2,Social,0.10137300543129912,Malicious,0.8986269945687009
AllLotto US Lottery Result,com.alllotto,News & Magazines,0.10137300543129912,Malicious,0.8986269945687009
aText-TV Pro,com.harjuconsulting.texttv.pro,News & Magazines,0.10137300543129912,Malicious,0.8986269945687009
Data Link Notifier,org.sais.linknotifier,Communication,0.10137300543129912,Malicious,0.8986269945687009
US News,com.us.news,News & Magazines,0.10137300543129912,Malicious,0.8986269945687009
"NewsChannel 10 ??? Amarillo, TX",com.mobdub.channel.KFDA,News & Magazines,0.10137300543129912,Malicious,0.8986269945687009
Tu Prensa,com.isiat.android.tuprensa,News & Magazines,0.10137300543129912,Malicious,0.8986269945687009
Dinamalar,com.softcraft.dinamalar,News & Magazines,0.10137300543129912,Malicious,0.8986269945687009
iSue??os | Significado de Sue??o,com.ahorrecomparnado.suenos,Communication,0.10137300543129912,Malicious,0.8986269945687009
WishForJapan,jp.tsuyoshi.wishforjapan,Social,0.10137300543129912,Malicious,0.8986269945687009
Zeitungskiosk Pro,com.stephan.zeitungskiosk_pro,News & Magazines,0.10137300543129912,Malicious,0.8986269945687009
digg mobile,com.diggmobile,Social,0.10137300543129912,Malicious,0.8986269945687009
Friend Pro,com.tj.android,Social,0.10137300543129912,Malicious,0.8986269945687009
Texas Rangers Schedule Simple,DrWebsterApps.texasrangers.schedule,Communication,0.10137300543129912,Malicious,0.8986269945687009
aText-TV,com.harjuconsulting.texttv,News & Magazines,0.10137300543129912,Malicious,0.8986269945687009
Texas Dating,com.dreamstep.wTexasDating,Social,0.10137300543129912,Malicious,0.8986269945687009
TorrentFreak Reader,com.torrentfreak.reader.free,News & Magazines,0.10137300543129912,Malicious,0.8986269945687009
LottoScope,com.mygeeks.LottoScope,News & Magazines,0.10137300543129912,Malicious,0.8986269945687009
Taiwan User buy the paid Apps,com.androidvpn,Communication,0.10137300543129912,Malicious,0.8986269945687009
GetNote,com.mm.pushnote,Communication,0.10137300543129912,Malicious,0.8986269945687009
Texas Lottos,com.mylottos.tx,News & Magazines,0.10137300543129912,Malicious,0.8986269945687009
Weapons Training News,com.hippyapps.weaponstraining,News & Magazines,0.10137300543129912,Malicious,0.8986269945687009
Tunneloid,com.secureware.tunneloid,Communication,0.10137300543129912,Malicious,0.8986269945687009
URL Expandroid,net.studiofly.android.yuzu,Communication,0.10137300543129912,Malicious,0.8986269945687009
Gazete Haberleri,tr.gen.hyper.gazetehaberleri,News & Magazines,0.10137300543129912,Malicious,0.8986269945687009
World News Live24,com.application.worldnewslive24,News & Magazines,0.10137300543129912,Malicious,0.8986269945687009
Alex Jones / Coast2Coast Live,org.application.coast2coast,News & Magazines,0.10137300543129912,Malicious,0.8986269945687009
ApplewoodPHE,com.mobmgr220,Social,0.10137300543129912,Malicious,0.8986269945687009
Mobile World Live,com.mobikats.mwl.android,Social,0.10137300543129912,Malicious,0.8986269945687009
Gandul.info,mediafaxgroup.android.gandul,News & Magazines,0.10137300543129912,Malicious,0.8986269945687009
??????????????????,jp.twitcheck,Social,0.10137300543129912,Malicious,0.8986269945687009
Austin TX News Lite,com.slimel.austinnews,News & Magazines,0.10137300543129912,Malicious,0.8986269945687009
???????????????????????????,jp.co.excite.portal,News & Magazines,0.10137300543129912,Malicious,0.8986269945687009
University of Colorado News,com.geekworksllc.cubuffalonews,News & Magazines,0.10137300543129912,Malicious,0.8986269945687009
Tennessee Lottos,com.mylottos.tn,News & Magazines,0.10137300543129912,Malicious,0.8986269945687009
Love Poems,com.appspot.swisscodemonkeys.love,Social,0.10137300543129912,Malicious,0.8986269945687009
"US News,Google News,USA News",com.gobestlink.gobestlink,News & Magazines,0.10137300543129912,Malicious,0.8986269945687009
OpenVPN Settings,de.schaeuffelhut.android.openvpn,Communication,0.10137300543129912,Malicious,0.8986269945687009
Minimal Reader,com.jv.cleanwidgets,News & Magazines,0.10137300543129912,Malicious,0.8986269945687009
Happening Now Free,com.douglasinfoweb.freehappeningnow,Communication,0.10137300543129912,Malicious,0.8986269945687009
Texas Lottery LotteryDB,com.lottery.texasdb,News & Magazines,0.10137300543129912,Malicious,0.8986269945687009
TweetComb,com.chriswstewart.twitter,Social,0.10137300543129912,Malicious,0.8986269945687009
THDisaster,ngbone.android.app.thdisaster,News & Magazines,0.10137300543129912,Malicious,0.8986269945687009
aKey,de.nightsky.akey,Communication,0.10137300543129912,Malicious,0.8986269945687009
WildcatExtra,com.azstarnet.SportsStatsMobile.College,News & Magazines,0.10137300543129912,Malicious,0.8986269945687009
NFR: Gaming News & Reviews,com.dreamstep.webWidget.wNoFussReviews,News & Magazines,0.10137300543129912,Malicious,0.8986269945687009
My Taiwan Help Telephone,tomkuo139.com.helpPhone,Communication,0.10137300543129912,Malicious,0.8986269945687009
AirBears,com.AirBears,Communication,0.10137300543129912,Malicious,0.8986269945687009
China-ASEAN Free Trade Area,com.yboom.ubook.cafta,News & Magazines,0.10137300543129912,Malicious,0.8986269945687009
KCAU-TV Channel 9 Mobile,com.mobdub.channel.KCAU,News & Magazines,0.10137300543129912,Malicious,0.8986269945687009
TwitTL Plugin for Liveview,jp.ddo.dekuyou.liveview.plugins.twittertl,Social,0.10137300543129912,Malicious,0.8986269945687009
Minimal Reader Pro,com.jv.minimalreader,News & Magazines,0.10137300543129912,Malicious,0.8986269945687009
Taiwan Weather,com.jmap.android.weather,News & Magazines,0.10137300543129912,Malicious,0.8986269945687009
Texas Lottery Results,com.Jaybus.app.TexasLottoPicks,News & Magazines,0.10137300543129912,Malicious,0.8986269945687009
Air Bears,com.airbear,Communication,0.10137300543129912,Malicious,0.8986269945687009
Vimtick Browser,org.mokkos.vimtickbrowser,Communication,0.10137300543129912,Malicious,0.8986269945687009
VITARAclub.gr,com.dreamstep.wVitaraclubgr,Social,0.10137300543129912,Malicious,0.8986269945687009
Make A Difference Day,net.ak.dayta,Social,0.10137300543129912,Malicious,0.8986269945687009
FastChat,com.tenama.fastchat,Social,0.10137300543129912,Malicious,0.8986269945687009
NewsWest 9,com.mobdub.channel.KWES,News & Magazines,0.10137300543129912,Malicious,0.8986269945687009
Nederlandse Kranten,eduardoremar.nederlandsekranten,News & Magazines,0.10137300543129912,Malicious,0.8986269945687009
Urbeez (non officielle),ravenCorp.ovsAndroid,Social,0.10137300543129912,Malicious,0.8986269945687009
ProCon,org.geocomputing.procon,Communication,0.10137300543129912,Malicious,0.8986269945687009
AgencyNews,com.toastedsnow,News & Magazines,0.10137300543129912,Malicious,0.8986269945687009
NTIC et TAC,tk.ntt.webapp,News & Magazines,0.10137300543129912,Malicious,0.8986269945687009
Texas Lottery Numbers,com.cbcservicesus.lotterynumberstx,News & Magazines,0.10137300543129912,Malicious,0.8986269945687009
"KXXV ??? Waco, Texas",com.mobdub.channel.KXXV,News & Magazines,0.10137300543129912,Malicious,0.8986269945687009
LunaTerm,tw.loli.lunaTerm,Communication,0.10137300543129912,Malicious,0.8986269945687009
KLFY TV-10 Mobile,com.mobdub.channel.KLFY,News & Magazines,0.10137300543129912,Malicious,0.8986269945687009
DIEZ MINUTOS Noticias Corazon,es.planetmedia.diezminutos,News & Magazines,0.10137300543129912,Malicious,0.8986269945687009
"City of Rowlett, Texas",com.rowlett.android.webviewapp,Communication,0.10137300543129912,Malicious,0.8986269945687009
AndroChat,com.androchat,Communication,0.10137300543129912,Malicious,0.8986269945687009
HTTP Query Builder,com.alex.httpquerybuilder,Communication,0.10137300543129912,Malicious,0.8986269945687009
Outlook 2007 Video Training,com.amazingelearning.mob001012f,Communication,0.10137300543129912,Malicious,0.8986269945687009
US Military News Feed,com.brandao.militarynewsfeed,News & Magazines,0.10137300543129912,Malicious,0.8986269945687009
Globalization News,com.hippyapps.globalization,News & Magazines,0.10137300543129912,Malicious,0.8986269945687009
L2witter,ne.noboruhi.l2witter,Social,0.10137300543129912,Malicious,0.8986269945687009
Channel 8 KLKN-TV,com.mobdub.channel.KLKN,News & Magazines,0.10137300543129912,Malicious,0.8986269945687009
MEET ~ ~ Love Support,com.smartfriend.meet,Social,0.10137300543129912,Malicious,0.8986269945687009
"????????????- ????????????,????????????,????????????,????????????",com.gobest.gobest,Communication,0.10137300543129912,Malicious,0.8986269945687009
"News: UK,USA, World Newspapers",com.newspaper.android,News & Magazines,0.10137300543129912,Malicious,0.8986269945687009
Quotes for everyone! Free,com.quotes_for_everyone.free,Communication,0.10137300543129912,Malicious,0.8986269945687009
AndroHaber Haber / Video,com.androturk.haberciGundem,News & Magazines,0.10137300543129912,Malicious,0.8986269945687009
12 News,com.mobdub.channel.KBMT,News & Magazines,0.10137300543129912,Malicious,0.8986269945687009
PSN TROPHY CARD,dyon.pt.PSN_Card,Social,0.10137300543129912,Malicious,0.8986269945687009
