App,Package,Category,TrueLabel,Score,Disagreement
Hack Me If You Can (easy),de.bulling.hackme.easy,Libraries & Demo,Malicious,0.0,1.0
TEST TOAST,toaset.base,Libraries & Demo,Malicious,0.0,1.0
Car Cost,bluffcityapps.carcost,Finance,Malicious,0.0,1.0
Live Wallpaper Trial Unlocker,com.uip.lwp.unlocker,Libraries & Demo,Malicious,0.0,1.0
CCR Mixer,se.fridholm.CCRmixer,Tools,Malicious,0.0,1.0
Length Conversion,org.and.calc,Productivity,Malicious,0.0,1.0
Metrics Conversion Pro,com.inturi.net.android.MetricsConversionPro,Tools,Malicious,0.0,1.0
exacqVision for Android TM,sentersoft.android.apps.evdroid,Productivity,Malicious,0.0,1.0
No Bark! Dog Whistle,com.app.nobark,Tools,Malicious,0.0,1.0
Screen Filter,com.haxor,Tools,Malicious,0.0,1.0
Horror Digital Clock Widget,com.hageltech.horrorclock,Tools,Malicious,0.0,1.0
Speak Turkish,com.benjaminholfeld.speakturkish,Business,Malicious,0.0,1.0
Syngenta TankCalc,com.syngenta.android,Tools,Malicious,0.0,1.0
Screen Crack,com.laan.toys,Libraries & Demo,Malicious,0.0,1.0
Horror Digital Clock Free,com.hageltech.horrorclock.free,Tools,Malicious,0.0,1.0
Army FlashCards 4,org.me.flashcardsv3,Tools,Malicious,0.0,1.0
Simple Sound Profile Widget,net.zalio.android.spm,Tools,Malicious,0.0,1.0
Flippin Chicken Coin Toss,com.mybasementgames.chickenflip,Tools,Malicious,0.0,1.0
Bicycle Calculator (BikeCalc),de.galle.android.bikecalc,Tools,Malicious,0.0,1.0
Gears (ES1/cupcake+),com.jeffboody.GearsES1cupcake,Libraries & Demo,Malicious,0.0,1.0
IAFF Foundation Premium Key,procalpremium.procal.com,Productivity,Malicious,0.0,1.0
Adobe Flash Player 11,com.adobe.flashplayer,Tools,Malicious,0.0,1.0
TwitchRC: RC Car Gearing/Tekin,twitchrc.dcbl.ca,Tools,Malicious,0.0,1.0
Trading Forex Exposed,com.TradingExposed.book.AOTJCFJPWHUBFGKBN,Tools,Malicious,0.0,1.0
Usage Timelines Pro,com.als.usagetimelines.pro,Tools,Malicious,0.0,1.0
Smart Taskbar Pro key,com.smart.taskbar.key,Productivity,Malicious,0.0,1.0
Easily Hypnotize Anyone,com.ptajmarketing.Hypnotizeyourf,Tools,Malicious,0.0,1.0
TenjiPlayer,jp.tmhouse.TenjiPlayer,Libraries & Demo,Malicious,0.0,1.0
Thanksgiving Turkey Timer,com.aSoftDroid.turkey_noAds,Tools,Malicious,0.0,1.0
US Citizenship Exam Prep,satish.CitizenshipExam,Productivity,Malicious,0.0,1.0
Car Spec Calculator,com.carspeccalc,Tools,Malicious,0.0,1.0
Battery Use Widget,com.fjmustak.android.batteryusewidget,Tools,Malicious,0.0,1.0
Circuit Training Timer,com.appsinyourhand.circuittrainingtimer,Tools,Malicious,0.0,1.0
Secret Box,com.gnugu.secretbox,Tools,Malicious,0.0,1.0
Hypnotic Spiral,com.mikeperrow.spiral,Libraries & Demo,Malicious,0.0,1.0
Connection Fixer,eu.versine.connectionfixer,Tools,Malicious,0.0,1.0
Majora's Mask Clock Widget,com.lysolpionex.MajorasMaskClockWidget,Tools,Malicious,0.0,1.0
BatteryNotification,jp.masaki.BNf,Tools,Malicious,0.0,1.0
?????????????????????,org.sais.pinyintable,Tools,Malicious,0.0,1.0
Multi Timer-Don't burn turkey,com.murryelectronics.multitimer,Tools,Malicious,0.0,1.0
RC-Heli-Gear-Ratio,de.jaspis.rc_heli.gear_ratio,Tools,Malicious,0.0,1.0
Poker Pro Calculator,com.handycode.gaming.poker,Tools,Malicious,0.0,1.0
Simple Tip,proctor.simpletip,Finance,Malicious,0.0,1.0
Water Timer,com.speedymarks.android.water,Finance,Malicious,0.0,1.0
Toast Clock Widget,com.crosbieapp.toastclock,Tools,Malicious,0.0,1.0
Shop Calculator,com.apps.shopcalc,Finance,Malicious,0.0,1.0
Turkish for Smart Keyboard,net.cdeguet.smartkeyboardpro.tr,Tools,Malicious,0.0,1.0
Speak Turkish Free,com.benjaminholfeld.speakturkishfree,Business,Malicious,0.0,1.0
TSA Donation Processor,com.tsa.uss.tx.dp,Tools,Malicious,0.0,1.0
Car Loan Calc,com.flinthillsdesign.CarLoanCalc,Finance,Malicious,0.0,1.0
WP7 Notifications Lite,com.nlucas.wp7notificationslite,Productivity,Malicious,0.0,1.0
Army FlashCards 6,org.me.flashcardsv5,Tools,Malicious,0.0,1.0
Conduit Runner Pro,com.intineo.android.conduitbendpro,Productivity,Malicious,0.0,1.0
Swiss Railway Clock,ws.moor.railwayclock,Tools,Malicious,0.0,1.0
Calcula tu prestamo,com.fer.prestamos,Finance,Malicious,0.0,1.0
idea Training,com.ondino.Idea,Productivity,Malicious,0.0,1.0
alOBD 01-07 Subaru 3.0 Mode$06,com.al.obd2.content.F,Tools,Malicious,0.0,1.0
Bubble,bz.ktk.bubble,Tools,Malicious,0.0,1.0
Toast Notifier Lite,com.nlucas.notificationtoasterlite,Productivity,Malicious,0.0,1.0
Rabtor Clock Widget,upper.duper.widget.rabtor,Tools,Malicious,0.0,1.0
Trap Card,com.naearu.trap_card,Tools,Malicious,0.0,1.0
Regents Exams Lite,com.ts.regents,Libraries & Demo,Malicious,0.0,1.0
JM Network Tools Donate,jm.network.subnetCalculator.donate,Tools,Malicious,0.0,1.0
a1-Wing in wave,jp.appdepart.appwidgetex0026,Tools,Malicious,0.0,1.0
FilesCrypter,ua.org.linsalion.FilesCrypter,Tools,Malicious,0.0,1.0
Stock Trading Calculator,stsolution.stocktradingcalculator,Finance,Malicious,0.0,1.0
KickBack,com.google.android.marvin.kickback,Tools,Malicious,0.0,1.0
Essential Kitchen Calculators,com.sidetop.KitchenCalcs,Productivity,Malicious,0.0,1.0
New Credit Repair Strategies,com.CreditRepairSuccessStrategies.magazine.AOTFPFPLFYLABCVND,Finance,Malicious,0.0,1.0
Inches & Feet Calculator,com.InchesAndFeet,Tools,Malicious,0.0,1.0
Rc Final Gear Ratio ADS FREE,rc.gearratio.adsfree,Tools,Malicious,0.0,1.0
BLOCCO Toast & Window Plug-in,jp.def.blocco.toastPlugin,Tools,Malicious,0.0,1.0
Tawk Pro,com.firstlightapps.TawkPro,Tools,Malicious,0.0,1.0
UCLA Walk,com.smturtlebread.uclawalk,Productivity,Malicious,0.0,1.0
CABLE CALCULATOR BS7671:2008,org.coopersoft.Cablecheck,Tools,Malicious,0.0,1.0
Retro Clock Widget,nl.jsource.retroclock.android,Tools,Malicious,0.0,1.0
Engineering Steam Tables,com.lecodroid.steamtables,Tools,Malicious,0.0,1.0
Lineage??????????????? ??,com.misalabo.lineage.utilmanager,Tools,Malicious,0.0,1.0
Muvo,com.evoreto.muvo.rerelease,Tools,Malicious,0.0,1.0
FlashLight,com.android.flashLight,Tools,Malicious,0.0,1.0
LockMaster(screen lock remove),sonjoy.LockMaster,Tools,Malicious,0.0,1.0
a1-Send him flying,jp.appdepart.appwidgetex0004,Tools,Malicious,0.0,1.0
Samsung Continuum Ticker,com.continuum.demo,Libraries & Demo,Malicious,0.0,1.0
Clicker,net.bekit.android.clicker,Tools,Malicious,0.0,1.0
Turkish,com.kpt.adaptxt.addon.turtr,Productivity,Malicious,0.0,1.0
WarStat,com.alban.deubeda.WarhammerStat,Tools,Malicious,0.0,1.0
Flashlight,org.dyndns.devesh.flashlight,Tools,Malicious,0.0,1.0
Scrollit! (notes widget),tk.impoe.scrollitlite,Tools,Malicious,0.0,1.0
Kitchen Converter,net.jamesjohnson.convert,Productivity,Malicious,0.0,1.0
InstaDock Plus Unlocker,com.yamilgv.instadockwidget.unlocker,Productivity,Malicious,0.0,1.0
Speak French Free,com.benjaminholfeld.speakfrenchfree,Business,Malicious,0.0,1.0
Le R??seau MatR,matr.tk,Business,Malicious,0.0,1.0
Simple Tip Calculator,com.senecacreeksoftware.simpletip,Finance,Malicious,0.0,1.0
CompassKeyboard,org.dyndns.fules.ck,Tools,Malicious,0.0,1.0
Date In Tray,pl.webnet.android.dateintray,Productivity,Malicious,0.0,1.0
LockMaster(screen lock remove),sonjoy.LockMaster,Tools,Malicious,0.0,1.0
Whistle on Android,org.sorarier.whistle,Tools,Malicious,0.0,1.0
Battery Calibration,com.nema.batterycalibration,Tools,Malicious,0.0,1.0
Gears (ES1/eclair+),com.jeffboody.GearsES1eclair,Libraries & Demo,Malicious,0.0,1.0
Phone Info,myc.phone.PhoneInfo,Tools,Malicious,0.0,1.0
Machinery Sizing,com.jsdvorak.machinerysizing,Productivity,Malicious,0.0,1.0
Vietnamese Input Method,fpt.g12.android.vime,Tools,Malicious,0.0,1.0
WarStat,com.alban.deubeda.WarhammerStat,Tools,Malicious,0.0,1.0
Spelling Alphabet,tm.app.spellingAlphabet,Productivity,Malicious,0.0,1.0
alOBD 01-02 Subaru 2.5 Mode$06,com.al.obd2.content.D,Tools,Malicious,0.0,1.0
Best Tire Calculator,com.moonflower.tire,Tools,Malicious,0.0,1.0
UA Holidays Annual Calendar,net.oxdb.CalHolUA,Tools,Malicious,0.0,1.0
Mil Dot Calculator,com.whatifeellikeprogramming.milDotCalculator,Tools,Malicious,0.0,1.0
Car Lease,com.businesscompassllc.carlease,Finance,Malicious,0.0,1.0
RealCalc Scientific Calculator,uk.co.nickfines.RealCalc,Tools,Malicious,0.0,1.0
Tactical time,de.androidcrowd.taktischezeit,Tools,Malicious,0.0,1.0
LIGHTING CALCULATOR,org.coopersoft.Lumens,Tools,Malicious,0.0,1.0
MarketEnabler donate key,ch.racic.android.marketenabler.donatekey,Tools,Malicious,0.0,1.0
eSpace Product,com.hoperuns.activity,Business,Malicious,0.0,1.0
FeetCalc,com.footcalculator,Productivity,Malicious,0.0,1.0
Gleeo Time Tracker,ch.gridvision.pbtm.androidtimerecorder,Productivity,Malicious,0.0,1.0
Squid,se.rupy.cube,Libraries & Demo,Malicious,0.0,1.0
Horsepower Calculator,com.mtar.horsepower,Tools,Malicious,0.0,1.0
Maplecrest Ford Lincoln,com.s2rolutions.maplecrestcars,Business,Malicious,0.0,1.0
Taiwan Lotto Three Star,irdc.three_star,Tools,Malicious,0.0,1.0
Product Caclulator Lite,com.downhometech.productcalculator.lite,Productivity,Malicious,0.0,1.0
BW Animation Package,com.levelup.bw.forecast,Libraries & Demo,Malicious,0.0,1.0
Milling Speed and Feed Calc,com.mstar.mspeed1,Tools,Malicious,0.0,1.0
Convertor Lite,name.udell.convertor.lite,Business,Malicious,0.0,1.0
OKM Metal Detector Demo,com.okm.mobyle3d,Libraries & Demo,Malicious,0.0,1.0
JuiceDefender Ultimate,com.latedroid.ultimatejuice,Productivity,Malicious,0.0,1.0
Hack Me If You Can (Kids Mode),de.bulling.hackme.kids,Libraries & Demo,Malicious,0.0,1.0
Desk Migrate,com.ma.deskmigrate,Tools,Malicious,0.0,1.0
muuMail,com.muu.muuMail,Tools,Malicious,0.0,1.0
Suzuki GSR 600,com.suzukigsr600.gailas,Tools,Malicious,0.0,1.0
Reticle Ranger,net.kndy.reticleranger,Tools,Malicious,0.0,1.0
iJammer,com.and0.iJammer,Tools,Malicious,0.0,1.0
App Locker II Pro,net.xdevelop.protector2,Business,Malicious,0.0,1.0
Market Enabler Codes,lu.artou.marketenablercodes,Tools,Malicious,0.0,1.0
Sticky,com.tokasiki.android.sticky,Productivity,Malicious,0.0,1.0
Locost,se.bergsland.locost,Tools,Malicious,0.0,1.0
UC VodafoneCredit,UCprojects.UCvodafoneCredit,Tools,Malicious,0.0,1.0
NovaGear,com.novagear,Tools,Malicious,0.0,1.0
Cellular Radiation Detector,tm.app.cellularRadiationDetector,Tools,Malicious,0.0,1.0
Forex Trading: Easy Money,com.ForexTrading.magazine.AOTGDFIDBXNMUNHGB,Business,Malicious,0.0,1.0
"Radio, go sleeping!",ua.com.phlox.radiosleep,Tools,Malicious,0.0,1.0
Top,jp.gr.netfort.dancer.topview,Tools,Malicious,0.0,1.0
Gold Silver Prices License Key,com.terrylau.goldsilvermonitorkey,Finance,Malicious,0.0,1.0
Fraction Calculator Free,com.lupptech.fractfree,Tools,Malicious,0.0,1.0
muuMail Free,com.muu.muuMailfree,Tools,Malicious,0.0,1.0
XPERIA FlashLight,jp.co.telemarks.ledlightx10,Tools,Malicious,0.0,1.0
Taiwan Clock,tw.com.sti.android.widget.clock.taiwan,Tools,Malicious,0.0,1.0
TorrentDownload,torrentDownload.Project,Tools,Malicious,0.0,1.0
DriverDiary Pro,com.sweypro.driverdiarypro,Finance,Malicious,0.0,1.0
Unit Conversion,net.Henkan,Tools,Malicious,0.0,1.0
Forex Trading Strategies,com.ptajmarketing.ForexTradingSt,Finance,Malicious,0.0,1.0
BoxCryptor Unlimited Key,com.boxcryptor.android.key,Tools,Malicious,0.0,1.0
Tyre Size Calculator (Tire),com.aimenrg.tyrecalc,Tools,Malicious,0.0,1.0
Mute Alarms,com.ByrdNest.QuietTime,Tools,Malicious,0.0,1.0
Animal Training Guide,apps.dps.animaltraining,Tools,Malicious,0.0,1.0
StackOperations-DataStructure,com.Android.CCMCA,Productivity,Malicious,0.0,1.0
System Monitor Widget,tm.app.systemMonitorWidget,Tools,Malicious,0.0,1.0
Screen Light,com.androidappheads.lightscreen,Tools,Malicious,0.0,1.0
Quick Civil,com.holmesapps.quickcivil,Productivity,Malicious,0.0,1.0
Plugin Turkish,klye.plugin.tr,Productivity,Malicious,0.0,1.0
SymbolsPanel,jp.wind.petitknyaife.SymbolsPanel,Tools,Malicious,0.0,1.0
Test Dummy App TN,com.test.testandroid,Tools,Malicious,0.0,1.0
Rings Extended,com.angryredplanet.android.rings_extended,Tools,Malicious,0.0,1.0
DroidUX API Demos,com.droidux.components.demo,Libraries & Demo,Malicious,0.0,1.0
QR Alarm Clock,com.qralarmclock,Tools,Malicious,0.0,1.0
GO TaskManager Widget,com.gau.go.launcherex.gowidget.taskmanager,Productivity,Malicious,0.0,1.0
TV Screen Size Calculator,nl.rapsolutions.android.tvsizecalculator,Tools,Malicious,0.0,1.0
Tone Picker,com.hlidskialf.android.tonepicker,Tools,Malicious,0.0,1.0
Jogger R1.5,djf.jogger,Productivity,Malicious,0.0,1.0
UC Torch,UCprojects.UCtorch,Tools,Malicious,0.0,1.0
VOLT DROP CALCULATOR BS7671,org.coopersoft.ELcalcV_pro,Tools,Malicious,0.0,1.0
Simple Reminder,com.tm_programming.reminder,Productivity,Malicious,0.0,1.0
WiFi Manager,org.kman.WifiManager,Productivity,Malicious,0.0,1.0
Sentinel RV Demo,mcs.mobile.app.rv.demo,Libraries & Demo,Malicious,0.0,1.0
Gesture Search Bar,googoo.android.gesturebar,Tools,Malicious,0.0,1.0
[root] Chainfire3D Pro,eu.chainfire.cf3d.pro,Tools,Malicious,0.0,1.0
SPP Viewer,de.harrypaintner.sppv,Business,Malicious,0.0,1.0
CoConUt Traveler,vk.ccn,Tools,Malicious,0.0,1.0
Security Alarm,com.himaxdev.securityalarm,Tools,Malicious,0.0,1.0
Astrid Power Pack,com.todoroo.astrid.ppack,Productivity,Malicious,0.0,1.0
Ovo timer,org.ilumbo.ovo,Tools,Malicious,0.0,1.0
LumberCalc,com.bootfeetCalc.lumbercalc,Productivity,Malicious,0.0,1.0
Task Tray,com.stonedonkey.tasktray,Tools,Malicious,0.0,1.0
TV Drama Name Generator(HK),com.fartapp.tvdrama,Productivity,Malicious,0.0,1.0
TS Notes,com.tsnotes,Productivity,Malicious,0.0,1.0
Nor-Cal Hobbies Gears,com.seamusoft.gears,Productivity,Malicious,0.0,1.0
Speak French,com.benjaminholfeld.speakfrench,Business,Malicious,0.0,1.0
Compteur,se.oxidi.compteur,Tools,Malicious,0.0,1.0
Premium World Clock Widget,com.lge.android.worldclock.widget,Productivity,Malicious,0.0,1.0
Pico Pico Cart,jp.co.maxmouse.pico2cart,Tools,Malicious,0.0,1.0
In-App Wifi Toggle,com.sas.inappwifitoggle,Tools,Malicious,0.0,1.0
Silent Toggle,com.rsk.android.silenttoggle,Tools,Malicious,0.0,1.0
Ruler Green,RulerFreely.Common,Tools,Malicious,0.0,1.0
seNotes,shiloff.com.senotes,Productivity,Malicious,0.0,1.0
ELECOM ??????????????? powered by ATOK,jp.co.elecom.eleatok,Libraries & Demo,Malicious,0.0,1.0
Turkmenistan flag,flag.android.tm,Tools,Malicious,0.0,1.0
MIDbot iDroid,com.MIDbotiDroid,Tools,Malicious,0.0,1.0
Disp Battery Information,jp.ne.neko.freewing.DispBattery,Tools,Malicious,0.0,1.0
E-Calc USA,com.ecuMain,Tools,Malicious,0.0,1.0
WP7 Notifications,com.nlucas.wp7notifications,Productivity,Malicious,0.0,1.0
Feet Inches Calculator,com.seekmobile.feetInchesCalc,Tools,Malicious,0.0,1.0
Tablet Keyboard,com.prettyeasy.tabletkeyboard.pro,Tools,Malicious,0.0,1.0
Plugin Filipino Tagalog,klye.plugin.tl,Productivity,Malicious,0.0,1.0
Hindi Dictionary V2.0,wali.hindidict,Productivity,Malicious,0.0,1.0
Filipino for GO Keyboard,com.jb.gokeyboard.langpack.tl,Tools,Malicious,0.0,1.0
dialR: Texas Rotary Phone Dial,inpha.mous.dialR_TEXAS,Tools,Malicious,0.0,1.0
Adobe Flash Player 11,com.adobe.flashplayer,Tools,Malicious,0.0,1.0
Gesture Password,GesturePassword2.capstone,Libraries & Demo,Malicious,0.0,1.0
Smart Taskbar Home ext,com.smart.taskbar.home,Productivity,Malicious,0.0,1.0
knDosenlibelle,net.klauberg.android.dosenlibelle,Libraries & Demo,Malicious,0.0,1.0
LAPSTOP,com.werk4.lapstop,Tools,Malicious,0.0,1.0
Bubbles,com.squishythings.bubbles,Libraries & Demo,Malicious,0.0,1.0
Non-market Apps Enabler,com.bandroidx.nmaenabler,Tools,Malicious,0.0,1.0
Tap Time,com.app.mikesell.slaptimelite,Tools,Malicious,0.0,1.0
DocumentsToGo Full Version Key,com.dataviz.docstogoapp,Business,Malicious,0.0,1.0
iFryTurkey,com.nwi.ifryturkey,Tools,Malicious,0.0,1.0
my melody time signal,com.melodyJihoo,Tools,Malicious,0.0,1.0
Redirack Pallet Estimator,com.Redirack.Calculator,Business,Malicious,0.0,1.0
WiFi TXpower,rubberbibpepper.WiFiTxPower,Tools,Malicious,0.0,1.0
Mute,muter.muter,Tools,Malicious,0.0,1.0
Turkish Keyboard,com.taypo.android.trskb,Tools,Malicious,0.0,1.0
TaskBar Closer (Root),com.hhbrown.skunkworks.closetabletbar,Tools,Malicious,0.0,1.0
Gear and Tire Calculator,cameron.gears,Tools,Malicious,0.0,1.0
IBTR! Breast Cancer Model GUI,med.tom.ibtr,Tools,Malicious,0.0,1.0
The One Percent,net.bespokesystems.android.theonepercent,Finance,Malicious,0.0,1.0
Dog Training,com.ptajmarketing.DogTraining,Tools,Malicious,0.0,1.0
Battery Widget Pro,personal.jhjeong.app.battery,Tools,Malicious,0.0,1.0
Days To Live DeathClock Widget,uk.amimetic.deathclock,Productivity,Malicious,0.0,1.0
Dropsync ??? PRO Key,com.ttxapps.dropsync.pro,Productivity,Malicious,0.0,1.0
Texas Child Support Calculator,com.tjdjd.texas.ChildSupport,Tools,Malicious,0.0,1.0
Wifi SignalBar,tk.goblivion.wifisignalbar,Tools,Malicious,0.0,1.0
UCMerced Wireless Configurator,com.UCMWC,Tools,Malicious,0.0,1.0
Studio Clock,de.kjpm.android.ledclock,Tools,Malicious,0.0,1.0
HKTDC FAIRS,com.cherrypicks.android.hktdc,Tools,Malicious,0.0,1.0
Set Taiwan,RabiSoft.SetTaiwan,Tools,Malicious,0.0,1.0
Total After Taxes,GamingVibe.Calculation.TotalAfterTaxes,Finance,Malicious,0.0,1.0
Turkish for GO Keyboard,com.jb.gokeyboard.langpack.tr,Tools,Malicious,0.0,1.0
Turkish for Smart Keyboard,net.cdeguet.smartkeyboardpro.tr,Tools,Malicious,0.0,1.0
UC Torch,UCprojects.UCtorch.DV,Tools,Malicious,0.0,1.0
DreamToyForletprofitcalculator,com.mik_jpn.sedoriprofit_hobby,Productivity,Malicious,0.0,1.0
Conduit Runner Pro,com.intineo.android.conduitbendpro,Productivity,Malicious,0.0,1.0
SlideIT Turkish Pack,com.dasur.language.tur.pack,Tools,Malicious,0.0,1.0
Franchise Messe 2011 Wien,com.appandmore.android.franchisemesse2011wien,Business,Malicious,0.0,1.0
Pure Romance Calculator,com.downhometech.productcalculator.pureromance,Productivity,Malicious,0.0,1.0
Gears (ES2/eclair+),com.jeffboody.GearsES2eclair,Libraries & Demo,Malicious,0.0,1.0
Stopwatch,com.akainteractive.stopwatchtimer,Productivity,Malicious,0.0,1.0
App Lock II Widget,net.xdevelop.protector3,Business,Malicious,0.0,1.0
Luz Led | Your handy emergency,ar.com.e_om.movil.android.luzled,Tools,Malicious,0.0,1.0
Toast Notifier,com.nlucas.notificationtoaster,Productivity,Malicious,0.0,1.0
Calc Input,com.sonyericsson.android.calcinputplugin,Tools,Malicious,0.0,1.0
OnHook Button Droid,jp.ne.neko.freewing.OnHookButtonX,Tools,Malicious,0.0,1.0
Turkish for GO Keyboard,com.jb.gokeyboard.langpack.tr,Tools,Malicious,0.0,1.0
Share Apps,com.theronrogers.shareapps,Tools,Malicious,0.0,1.0
Locale Toast Plug-in,com.danapple.toastplugin,Tools,Malicious,0.0,1.0
Random Number Generator Picker,com.numberpicker.activities,Libraries & Demo,Malicious,0.0,1.0
Tip Calculator,tm.app.tipCalculator,Tools,Malicious,0.0,1.0
Random Number Generator Picker,com.numberpicker.activities,Libraries & Demo,Malicious,0.0,1.0
Locale Notification Plug-In,net.andvari.android.notificationsetting,Tools,Malicious,0.0,1.0
Credit Score Reference Guide,com.csg,Finance,Malicious,0.0,1.0
Battery Indicator,com.darshancomputing.BatteryIndicator,Tools,Malicious,0.0,1.0
The Electricians Tool Pouch,co.thayer.tetpT,Tools,Malicious,0.0,1.0
CatLog (Donate),com.nolanlawson.logcat.donate,Tools,Malicious,0.0,1.0
Particles,net.peternitsch.particles,Libraries & Demo,Malicious,0.0,1.0
Cutting Calculator(Metric),mobilednc.cutcal,Tools,Malicious,0.0,1.0
Mnemonics,com.dajool.app.mnemonics,Productivity,Malicious,0.0,1.0
eClean ????????? ????????????,com.domobile.eclean,Tools,Malicious,0.0,1.0
GO Clock Widget,com.gau.go.launcherex.gowidget.clockwidget,Productivity,Malicious,0.0,1.0
SoundBack,com.google.android.marvin.soundback,Tools,Malicious,0.0,1.0
Tablet Keyboard Free,com.prettyeasy.tabletkeyboard.free,Tools,Malicious,0.0,1.0
Brightness Level,com.curvefish.widgets.brightnesslevel,Tools,Malicious,0.0,1.0
myLite,com.doapps.android.mylite,Tools,Malicious,0.0,1.0
Resort Application,com.esat.android.recipe.apps,Business,Malicious,0.0,1.0
Tipsy,edu.berkeley.cs160.tipsy,Finance,Malicious,0.0,1.0
SD Maid Pro,eu.thedarken.sdm.unlocker,Tools,Malicious,0.0,1.0
Product Calculator,com.downhometech.productcalculator.activities,Productivity,Malicious,0.0,1.0
Speak French,com.benjaminholfeld.speakfrench,Business,Malicious,0.0,1.0
NovaGear,com.novagear,Tools,Malicious,0.0,1.0
Alarm to Phone Plus,com.coconuts.alarmtophone,Tools,Malicious,0.0,1.0
Dual Battery Widget,org.flexlabs.widgets.dualbattery,Tools,Malicious,0.0,1.0
McKellar Slide Rule,com.mckellar.android.sliderule,Finance,Malicious,0.0,1.0
Shush! Ringer Restorer,com.publicobject.shush,Tools,Malicious,0.0,1.0
Google Authenticator,com.google.android.apps.authenticator,Tools,Malicious,0.0,1.0
Hada TM Timer,air.tmtimer.hada.org,Tools,Malicious,0.0,1.0
PSN Level Calculator,de.delimiter.android.psn.levelcalc,Tools,Malicious,0.0,1.0
Hack Me If You Can (hard),de.bulling.hackme.hard,Libraries & Demo,Malicious,0.0,1.0
Reach Weapon Timer,halo.Timer,Tools,Malicious,0.0,1.0
eCalc,com.domobile.ecalc,Tools,Malicious,0.0,1.0
DocumentsToGo Full Version Key,com.dataviz.docstogoapp,Business,Malicious,0.0,1.0
Filight,com.encomit.apps.filight,Tools,Malicious,0.0,1.0
Gendroid TWO D-day,com.gendroid.two,Tools,Malicious,0.0,1.0
Work From Home Jobs,com.ptajmarketing.Freelancing,Tools,Malicious,0.0,1.0
Kid Math Training Program,com.entrepidea.KidMathTrain,Tools,Malicious,0.0,1.0
RealHDMI,com.gmanapps.realhdmi,Tools,Malicious,0.0,1.0
Gears for Android(TM),luabear.gears4android,Libraries & Demo,Malicious,0.0,1.0
Milling Speed and Feed Calcula,com.mstar.mspeed,Tools,Malicious,0.0,1.0
??iandien,lt.jopapa.android.siandien,Productivity,Malicious,0.0,1.0
World Clock,jp.or.tdf.worldclock,Productivity,Malicious,0.0,1.0
Deepmemo,ua.privatbank.deepmemo,Productivity,Malicious,0.0,1.0
muuTel Free,com.muu.muuTelfree,Tools,Malicious,0.0,1.0
Polish,com.kpt.adaptxt.addon.polpl,Productivity,Malicious,0.0,1.0
Asphalt Calculator,com.asphaltcalculator,Productivity,Malicious,0.0,1.0
devLink 2010 Schedule,com.spencerandbrown.devLink2010,Tools,Malicious,0.0,1.0
CoConUt Traveler Lite,vk.ccn.lt,Tools,Malicious,0.0,1.0
Nor-Cal Hobbies Gears,com.seamusoft.gears,Productivity,Malicious,0.0,1.0
Resi Electric Service FreeCalc,com.intineo.android.resielectricalservicefree,Productivity,Malicious,0.0,1.0
UA ???????? ?? ?????????? ??????????,net.oxdb.StatusUA,Tools,Malicious,0.0,1.0
a1-Vamp Night,jp.appdepart.appwidgetex0046,Tools,Malicious,0.0,1.0
Hindi Dictionary V2.0,wali.hindidict,Productivity,Malicious,0.0,1.0
101 Tips Improving Credit,com.PowerfulipsorLegallImprovingYourCreditScore.magazine.AOTFQCSJYYWELDKTZ,Finance,Malicious,0.0,1.0
Speed Boost System Cleaner,com.TimothyMilla.SpeedBoost,Productivity,Malicious,0.0,1.0
PersonalToast,it.sarasini.personaltoast,Tools,Malicious,0.0,1.0
Battery Monitor,battery.monitor,Tools,Malicious,0.0,1.0
JoyToy Programming Language,jp.sourceforge.soopy.joytoy.android,Tools,Malicious,0.0,1.0
Secret Message,sm.android.itkosongsatu.ug,Tools,Malicious,0.0,1.0
Lock phone,com.sen.tl,Tools,Malicious,0.0,1.0
CacheMate for Root Users,com.aac.cachemate,Tools,Malicious,0.0,1.0
CamScanner???License???PDF Creator,com.intsig.lic.camscanner,Productivity,Malicious,0.0,1.0
Shorter Smiley for ASK,com.anysoftkeyboard.quicktextkeys.shortsmileykey,Libraries & Demo,Malicious,0.0,1.0
Shake Toggle (no BT),org.koo.shaketoggle_nobt,Tools,Malicious,0.0,1.0
Ford OBDII CAN Mode $06 PIDs,com.al.obd2.content.A,Tools,Malicious,0.0,1.0
???????????????? ???????? ????????????,net.oxdb.DayOffUA,Tools,Malicious,0.0,1.0
VocaList,com.dazey.vocalist,Productivity,Malicious,0.0,1.0
Army FlashCards 5,org.me.flashcardsv4,Tools,Malicious,0.0,1.0
muuTel,com.muu.muuTel,Tools,Malicious,0.0,1.0
Rabtor Clock Widget Full,upper.duper.widget.rabtor.full,Tools,Malicious,0.0,1.0
Novak ESC Track guide,cz.teamnovak.droid,Tools,Malicious,0.0,1.0
eSpace Product,com.hoperun.activity,Business,Malicious,0.0,1.0
Very Easy Japanese Keyboard,jp.ne.neko.freewing.JapaneseKeyboard,Tools,Malicious,0.0,1.0
GPS OnOff,com.curvefish.widgets.gpsonoff,Tools,Malicious,0.0,1.0
Random Characters to Clipboard,caryl_hafod.RandomChars,Tools,Malicious,0.0,1.0
APN Turkey,net.mustafaozcan.apnturkey,Tools,Malicious,0.0,1.0
Battery Percentage Notifier,com.incorporateapps.battery,Business,Malicious,0.0,1.0
Simple Task Manager Plus,com.grprado.android.stmp,Productivity,Malicious,0.0,1.0
Apps Organizer,com.google.code.appsorganizer,Tools,Malicious,0.0,1.0
Shorcut,fr.migo.kit.plugin.shortcut,Tools,Malicious,0.0,1.0
"WalkMeter:PaceCounter,Distance",com.ninesoft.pedometer,Tools,Malicious,0.0,1.0
Default Browser Selector,com.tarzanapp.DefaultBrowserSelector,Tools,Malicious,0.0,1.0
Taiwan Lotto Four Star,irdc.four_star,Tools,Malicious,0.0,1.0
Stock Trade Analysis,com.goldstarapp.stock.analysis,Finance,Malicious,0.0,1.0
UltraChron Stopwatch Lite,spinninghead.talkingstopwatchlite,Tools,Malicious,0.0,1.0
Horsepower Calculator,com.mtar.horsepower1,Tools,Malicious,0.0,1.0
alOBD 96-01 Subaru 2.5 Mode$06,com.al.obd2.content.C,Tools,Malicious,0.0,1.0
Tray notes,ru.human.notification,Tools,Malicious,0.0,1.0
Catch a Tiger,com.eenymeeny,Tools,Malicious,0.0,1.0
Dimensional Calculator,com.senecacreeksoftware.dimensionalcalculator,Tools,Malicious,0.0,1.0
LightSaver Saves Battery,pena.lsaver,Productivity,Malicious,0.0,1.0
Ukrainian for GOKeyboard,com.jb.gokeyboard.langpack.uk,Tools,Malicious,0.0,1.0
Car Volume Adjuster,com.greatbytes.carvolume,Tools,Malicious,0.07742131363222345,0.9225786863677765
My Cell Tower,com.test.whereiscelltower4,Tools,Malicious,0.07742131363222345,0.9225786863677765
GPS Speed Graph,jp.keiy.android.gpsspeedgraph,Tools,Malicious,0.07742131363222345,0.9225786863677765
Battery Widget,com.geekyouup.android.widgets.battery,Productivity,Malicious,0.07742131363222345,0.9225786863677765
Handy Construction Calculators,com.sidetop.constructioncalc,Productivity,Malicious,0.07742131363222345,0.9225786863677765
Big Red Zebra (Dresden) Beta,sharpmind.qf.Dresden.A,Productivity,Malicious,0.07742131363222345,0.9225786863677765
Timezone Converter,com.CharlieSoftware.TimezoneConverter,Productivity,Malicious,0.07742131363222345,0.9225786863677765
Speedometer Pro,com.hodelapps.speedometer_pro,Tools,Malicious,0.07742131363222345,0.9225786863677765
LunaSolCal Widgets,com.vvse.lunasolcalwidgets,Tools,Malicious,0.07742131363222345,0.9225786863677765
MTSU Interactive Map,com.jacobbeu.mtsuinteractivemap,Tools,Malicious,0.07742131363222345,0.9225786863677765
Landscape & Garden Calculators,com.sidetop.landscapecalc,Productivity,Malicious,0.07742131363222345,0.9225786863677765
Handy Construction Calculators,com.sidetop.constructioncalc,Productivity,Malicious,0.07742131363222345,0.9225786863677765
CB Speedometer,hu.combase.android.cbspeedometer,Tools,Malicious,0.07742131363222345,0.9225786863677765
Trading Diary,net.forexca.tradingdiary.activity,Finance,Malicious,0.07772492662685962,0.9222750733731404
Taskbar in Android Pro,com.ayelectronics.WindowsTaskbarPro,Tools,Malicious,0.07772492662685962,0.9222750733731404
Flow.app lite,air.de.candylandstudios.flowlite,Productivity,Malicious,0.07772492662685962,0.9222750733731404
Link2SD,com.buak.Link2SD,Tools,Malicious,0.07772492662685962,0.9222750733731404
Wolf WiFi Pro,com.enterprisingapps.android.wolfwifipro,Tools,Malicious,0.07772492662685962,0.9222750733731404
Mandelbrot,com.tk.android.mandelbrotapp,Libraries & Demo,Malicious,0.07772492662685962,0.9222750733731404
AndExplorer,lysesoft.andexplorer,Tools,Malicious,0.07772492662685962,0.9222750733731404
TI-58C/59 Calculator Emulator,nz.gen.geek_central.ti5x,Productivity,Malicious,0.07772492662685962,0.9222750733731404
Skatblock,de.maxmaurer.android.skatblock2,Tools,Malicious,0.07772492662685962,0.9222750733731404
Form Builder,net.tsapps.formBuilder,Productivity,Malicious,0.07772492662685962,0.9222750733731404
aBattMV,com.pocketengineer.aBattMV,Productivity,Malicious,0.07772492662685962,0.9222750733731404
HardCashTracker,de.maxmaurer.hardcashtracker,Finance,Malicious,0.07772492662685962,0.9222750733731404
Business Emergency Checklist,PA.ECL,Business,Malicious,0.07772492662685962,0.9222750733731404
Carango Pro,br.com.carango.pro,Finance,Malicious,0.07772492662685962,0.9222750733731404
AndroSS,net.tedstein.AndroSS,Tools,Malicious,0.07772492662685962,0.9222750733731404
Image Resizer Pro,com.dnsdojo.mokkouyou.android.image.pro,Tools,Malicious,0.07772492662685962,0.9222750733731404
VoIP Calculator,org.dev.and.voipcal,Productivity,Malicious,0.07772492662685962,0.9222750733731404
SD Maid,eu.thedarken.sdm,Tools,Malicious,0.07772492662685962,0.9222750733731404
RC Battery Log,com.androidwonderland.rcbatterylog,Productivity,Malicious,0.07772492662685962,0.9222750733731404
Blackmoon AttachSave Gopher,com.blackmoonit.AttachSave.gopher,Libraries & Demo,Malicious,0.07772492662685962,0.9222750733731404
Bluetooth??????????????????????????????????????????,jp.co.elecom.elewnn,Libraries & Demo,Malicious,0.07772492662685962,0.9222750733731404
PenSupremacy for Tablets,com.apking.ultipen,Productivity,Malicious,0.07772492662685962,0.9222750733731404
Lowest Price Finder:@UnitPrice,com.ninesoft.lpf1,Tools,Malicious,0.07772492662685962,0.9222750733731404
Link2SD,com.buak.Link2SD,Tools,Malicious,0.07772492662685962,0.9222750733731404
tiny Lisp ISLisproid,info.gomi.android.lisp.islisp,Libraries & Demo,Malicious,0.07772492662685962,0.9222750733731404
Quick Note sticky note widget,com.movinapp.quicknote,Productivity,Malicious,0.07772492662685962,0.9222750733731404
Melon,com.mikedg.android.melon,Productivity,Malicious,0.07772492662685962,0.9222750733731404
List It Plus (Todo list),com.bantambytes.android.app.listitplus,Productivity,Malicious,0.07772492662685962,0.9222750733731404
OI File Manager,org.openintents.filemanager,Productivity,Malicious,0.07772492662685962,0.9222750733731404
Data counter widget,com.roysolberg.android.datacounter,Tools,Malicious,0.07772492662685962,0.9222750733731404
Send to SD card,ru.gelin.android.sendtosd,Tools,Malicious,0.07772492662685962,0.9222750733731404
Taskbar in Android,com.ayelectronics.WindowsTaskbar,Tools,Malicious,0.07772492662685962,0.9222750733731404
aKitchenExhaust,com.pocketEngineer.aKitchenExhaust,Productivity,Malicious,0.07772492662685962,0.9222750733731404
Amortization Calculator,tm.app.amortizationCalculator,Finance,Malicious,0.07772492662685962,0.9222750733731404
Hakuban Lite,jp.android.tk.dwboardLite,Productivity,Malicious,0.07772492662685962,0.9222750733731404
Hanwool2 Korean IME,net.airplanez.hanwool2,Tools,Malicious,0.07772492662685962,0.9222750733731404
Tower Raiders 2 Trainer,de.kalkov.tr2trainer,Tools,Malicious,0.07772492662685962,0.9222750733731404
Kitchen Timer,com.leinardi.kitchentimer,Tools,Malicious,0.07772492662685962,0.9222750733731404
EZ Cart,idiomatik.EZCart,Finance,Malicious,0.07772492662685962,0.9222750733731404
gEditor,satoshi.gEditor,Tools,Malicious,0.07772492662685962,0.9222750733731404
Skitch,com.evernote.skitch,Productivity,Malicious,0.07772492662685962,0.9222750733731404
TimeZone Fixer (ROOT),com.force.timezonefixer,Tools,Malicious,0.07772492662685962,0.9222750733731404
TU maternit?? paternit??,it.mp.codicileggi.libri.tupaternita,Productivity,Malicious,0.07772492662685962,0.9222750733731404
Notepad,bander.notepad,Tools,Malicious,0.07772492662685962,0.9222750733731404
Mockups Lite for Android,com.welant.mockups.lite,Productivity,Malicious,0.07772492662685962,0.9222750733731404
eSpeak for Android,com.marvin.espeak,Libraries & Demo,Malicious,0.07772492662685962,0.9222750733731404
NFC Gears,com.restock.nfcgears,Tools,Malicious,0.07772492662685962,0.9222750733731404
CASIO FX-602P Calculator,net.sourceforge.uiq3.fx602p,Productivity,Malicious,0.07772492662685962,0.9222750733731404
FDNY Scheduler,com.QuiteHypnotic.NewYorkCalendar,Productivity,Malicious,0.07772492662685962,0.9222750733731404
3G Watchdog,net.rgruet.android.g3watchdog,Tools,Malicious,0.07772492662685962,0.9222750733731404
Hakuban,jp.android.tk.dwboard,Productivity,Malicious,0.07772492662685962,0.9222750733731404
MyInternetSecurity Pro,com.perlapps.MyInternetSecurity,Tools,Malicious,0.07772492662685962,0.9222750733731404
Energy monitoring of house,fi.jonttesandroid.houseenergy,Finance,Malicious,0.07772492662685962,0.9222750733731404
AnPIFile,com.fannsoftware.pifile,Productivity,Malicious,0.07772492662685962,0.9222750733731404
Top Secret Picture Pro,feipeng.ultimatesecret1paid,Productivity,Malicious,0.07772492662685962,0.9222750733731404
Car Maintenance Reminder Pro,com.cooloy.OilChangeSchedulePro,Tools,Malicious,0.07772492662685962,0.9222750733731404
Mockups for Android,com.welant.mockups,Productivity,Malicious,0.07772492662685962,0.9222750733731404
FileLock,com.webolicus.filelock,Productivity,Malicious,0.07772492662685962,0.9222750733731404
eSound ????????? ????????????,com.domobile.esound,Tools,Malicious,0.07772492662685962,0.9222750733731404
Filight RW,com.encomit.apps.filightrw,Productivity,Malicious,0.07772492662685962,0.9222750733731404
Georgian fonts installer,org.herrlado.geofonts,Tools,Malicious,0.07772492662685962,0.9222750733731404
Root Explorer (File Manager),com.speedsoftware.rootexplorer,Productivity,Malicious,0.07772492662685962,0.9222750733731404
Rabatt und MwSt Rechner,TK_App.MwSt2_Rechner,Business,Malicious,0.07772492662685962,0.9222750733731404
5iveStar ???????????????,net.tkfactory.android.fivestar.management,Productivity,Malicious,0.07772492662685962,0.9222750733731404
File Station Tablet,com.farago.filestationtablet,Productivity,Malicious,0.07772492662685962,0.9222750733731404
Carango,br.com.carango,Finance,Malicious,0.07772492662685962,0.9222750733731404
Energy monitoring of house Ful,fi.jonttesandroid.houseenergyfull,Finance,Malicious,0.07772492662685962,0.9222750733731404
eInstall ?????????,com.domobile.einstaller,Tools,Malicious,0.07772492662685962,0.9222750733731404
SecretMail,com.chromosapiens.secretmail,Productivity,Malicious,0.07772492662685962,0.9222750733731404
CRKO Commander,cc.com,Tools,Malicious,0.07772492662685962,0.9222750733731404
Doc Converter,cz.awk.android.docconv,Tools,Malicious,0.07772492662685962,0.9222750733731404
TU Immigrazione,it.mp.codicileggi.libri.immigrazione,Productivity,Malicious,0.07772492662685962,0.9222750733731404
eUninstall ?????????,com.domobile.euninstall,Tools,Malicious,0.07772492662685962,0.9222750733731404
Kingsoft Office Key (English),cn.wps.mofficekey_eng,Business,Malicious,0.07772492662685962,0.9222750733731404
Jota Text Editor,jp.sblo.pandora.jota,Tools,Malicious,0.07772492662685962,0.9222750733731404
PaSTE,za.co.hawkiesza.honeydocs,Productivity,Malicious,0.07772492662685962,0.9222750733731404
Log Toaster,com.huewu.apps.logtoaster,Libraries & Demo,Malicious,0.07772492662685962,0.9222750733731404
Flexi Time Tracker,com.barry.android,Business,Malicious,0.07772492662685962,0.9222750733731404
Chore Checklist,com.dotnetideas.chorechecklistfull,Productivity,Malicious,0.07772492662685962,0.9222750733731404
Fractal,com.tk.android.fractalapp,Libraries & Demo,Malicious,0.07772492662685962,0.9222750733731404
Jeannie,com.pannous.voice.actions.free,Tools,Benign,0.9198461694160509,0.9198461694160509
FlashLight and SecurityBuzzer,jp.mediba.android.prayforjapan,Tools,Malicious,0.08045744357858516,0.9195425564214148
RingGuard,com.x475aws.android.ringguard,Tools,Malicious,0.08045744357858516,0.9195425564214148
Volume Locker,com.hourdb.volumelocker,Tools,Malicious,0.08045744357858516,0.9195425564214148
flashlight mirror,sonjoy.FlashMirror,Tools,Malicious,0.08045744357858516,0.9195425564214148
Mirror For Samsung Galaxy S2,com.zeobo.android.paidmirror,Tools,Malicious,0.08045744357858516,0.9195425564214148
Visidon AppLock Plus,visidon.AppLockPlus,Tools,Malicious,0.08045744357858516,0.9195425564214148
Device Name & Features Info,di.app,Tools,Malicious,0.08045744357858516,0.9195425564214148
Strandroidoboscope,com.pet.strandioboscope,Tools,Malicious,0.08045744357858516,0.9195425564214148
LED Light,jp.picolyl.led_light,Tools,Malicious,0.08045744357858516,0.9195425564214148
TeslaLED Flashlight,com.teslacoilsw.flashlight,Tools,Malicious,0.08045744357858516,0.9195425564214148
Swiss Army Knife,com.digital_and_dreams.android.swiss_army_knife,Tools,Malicious,0.08045744357858516,0.9195425564214148
Phono,com.infonetservice.phono,Tools,Malicious,0.08956583341767027,0.9104341665823297
Speakerphone Control,com.matthew.rice,Tools,Malicious,0.08956583341767027,0.9104341665823297
Exchange by TouchDown Key,com.nitrodesk.touchdownpro,Business,Malicious,0.08956583341767027,0.9104341665823297
Construction Master 5,com.calculated.laurene4050,Tools,Malicious,0.08956583341767027,0.9104341665823297
ConcreteCalc Pro,com.calculated.laurene4225,Tools,Malicious,0.08956583341767027,0.9104341665823297
ConcreteCalc Pro,com.calculated.laurene4225,Tools,Malicious,0.08956583341767027,0.9104341665823297
Hold Holic,riverth.holdholic,Tools,Malicious,0.08956583341767027,0.9104341665823297
VoiceMail SpeakerPhone,com.pants.android.vs,Tools,Malicious,0.08956583341767027,0.9104341665823297
Feet and Inches Calculator,air.FeetInchesCalc,Productivity,Malicious,0.08956583341767027,0.9104341665823297
Construction Master Pro,com.hydrix.laurene,Tools,Malicious,0.08956583341767027,0.9104341665823297
Pitaka Password Wallet,com.lagnada.android.boknoy,Productivity,Malicious,0.08956583341767027,0.9104341665823297
Ultra Measure Master,com.calculated.laurene8025,Tools,Malicious,0.08956583341767027,0.9104341665823297
App Lock II Widget Trial,net.xdevelop.protector3_t,Business,Malicious,0.08956583341767027,0.9104341665823297
HeavyCalc Pro,com.calculated.laurene4325,Tools,Malicious,0.08956583341767027,0.9104341665823297
Hack Me If You Can (medium),de.bulling.hackme.medium,Libraries & Demo,Malicious,0.08956583341767027,0.9104341665823297
Auto Call Drop,com.echlab.autocalldrop,Tools,Malicious,0.08956583341767027,0.9104341665823297
Cat Play LWP!,com.accesslane.livewallpaper.laserpointercat,Productivity,Malicious,0.08956583341767027,0.9104341665823297
Titanium Backup PRO Key ??? root,com.keramidas.TitaniumBackupPro,Tools,Malicious,0.08956583341767027,0.9104341665823297
SOS Whistle,jp.co.comp.android.whistle,Tools,Malicious,0.09530074553857572,0.9046992544614243
SNMP Manager,jp.ymatsumoto.snmpmanager,Tools,Malicious,0.09530074553857572,0.9046992544614243
Time Manager,chuizio.tm,Tools,Malicious,0.09530074553857572,0.9046992544614243
Option Pain Calculator,com.mobisoftapps.optionpaincalc,Finance,Malicious,0.09530074553857572,0.9046992544614243
Verificare RCA,com.dan,Tools,Malicious,0.09530074553857572,0.9046992544614243
Forklift Finder,com.phl.forkliftfinder,Business,Malicious,0.09530074553857572,0.9046992544614243
SOS Whistle,jp.co.comp.android.whistle,Tools,Malicious,0.09530074553857572,0.9046992544614243
Ava FX Trader,ava.trader,Finance,Malicious,0.09530074553857572,0.9046992544614243
NestPlus,air.NestPlus,Finance,Malicious,0.09530074553857572,0.9046992544614243
CPU_Test_Speed_PrimeNumber,com.CPUspeedPrimeNumber,Tools,Malicious,0.09530074553857572,0.9046992544614243
Campbell Ford Lincoln,com.automotiontv.campbellfordlincoln,Business,Malicious,0.09530074553857572,0.9046992544614243
?????????~?????? ?????????????????????,com.tt.bugua,Business,Malicious,0.09530074553857572,0.9046992544614243
T.T. MemoPad,com.thinkingtortoise.ttmemopad,Productivity,Malicious,0.09530074553857572,0.9046992544614243
Indicadores Econ??micos Chile,com.infoaccion.indicadores,Finance,Malicious,0.09530074553857572,0.9046992544614243
E*TRADE Mobile Pro,com.etrade.mobilepro.activity,Finance,Malicious,0.09530074553857572,0.9046992544614243
Suivi de colis,tk.deltandroid.suivicolis,Productivity,Malicious,0.09530074553857572,0.9046992544614243
Smart Office,com.picsel.tgv.app.ue2fileviewer,Business,Malicious,0.09530074553857572,0.9046992544614243
M????teri Hizmetleri,tr.gen.hyper.musterihizmetleri,Tools,Malicious,0.09530074553857572,0.9046992544614243
ABN AMRO Mobiel Bankieren,com.abnamro.nl.mobile.payments,Finance,Malicious,0.09530074553857572,0.9046992544614243
The jaXed Mash,com.jaxed.mash.Android,Productivity,Malicious,0.09530074553857572,0.9046992544614243
Stock Market Trading Tools,appinventor.ai_viana_octavio.Stock_Evaluation_free,Finance,Malicious,0.09530074553857572,0.9046992544614243
My Taiwan Invoice for Free,tomkuo139.com.uniInvoice.free,Finance,Malicious,0.09530074553857572,0.9046992544614243
Pachube Widget (Official),com.pachube.pachubewidget,Tools,Malicious,0.09530074553857572,0.9046992544614243
HydroLogics' Units Converter,appinventor.ai_AMSheer.UnitConverter,Productivity,Malicious,0.09530074553857572,0.9046992544614243
MemCalc,com.bahiaWare.android.memCalc,Tools,Malicious,0.09530074553857572,0.9046992544614243
Advanced Task Killer,com.rechild.advancedtaskkiller,Productivity,Malicious,0.09530074553857572,0.9046992544614243
Usage Timelines Free,com.als.usagetimelines,Tools,Malicious,0.09530074553857572,0.9046992544614243
Space Age Federal Credit Union,com.spaceagefcu,Finance,Malicious,0.09530074553857572,0.9046992544614243
Exchange Rates,net.xelnaga.exchanger,Finance,Malicious,0.09530074553857572,0.9046992544614243
Smart Copy Free,com.basvsoft.smartbuffer.admob,Tools,Malicious,0.09530074553857572,0.9046992544614243
Hiragana Widget,com.fc2.web.otterfactory.turtle.ja,Tools,Malicious,0.09530074553857572,0.9046992544614243
Romanian currency,com.androider.cursvalutar,Finance,Malicious,0.09530074553857572,0.9046992544614243
Mansour Dental Masters,com.trafficforcetech.mansour,Business,Malicious,0.09530074553857572,0.9046992544614243
BioWallet2Browser,com.mobbeel.cloud,Tools,Malicious,0.09530074553857572,0.9046992544614243
Update My Apps,com.ugs.app.updatemyapps,Tools,Malicious,0.09530074553857572,0.9046992544614243
Exto Capital DroidTrader,exto.trader,Finance,Malicious,0.09530074553857572,0.9046992544614243
Check Web Redirect,com.jamesots.android.checkredirect,Tools,Malicious,0.09530074553857572,0.9046992544614243
Formplast GmbH (TR),app.formplastgmbhtr.de,Business,Malicious,0.09530074553857572,0.9046992544614243
FluxIt,com.finnjohnsen.activity,Tools,Malicious,0.09530074553857572,0.9046992544614243
Currency Cashflow Machine APP,com.currencymachine,Business,Malicious,0.09530074553857572,0.9046992544614243
Insider's Guide: Forex Trading,com.koolappz.EP77703130001,Business,Malicious,0.09530074553857572,0.9046992544614243
ForexSageVideo,rm.sinn,Finance,Malicious,0.09530074553857572,0.9046992544614243
Gears of War 3 Handbook,com.GoWHandbook,Tools,Malicious,0.09530074553857572,0.9046992544614243
Emperor Financial,com.emp888.ui,Finance,Malicious,0.09530074553857572,0.9046992544614243
Overseer,sod.F5Droid,Productivity,Malicious,0.09530074553857572,0.9046992544614243
Fantasy Football Trade Eval.,com.peschker.footballfantasy,Tools,Malicious,0.09530074553857572,0.9046992544614243
Verity CU,com.mfoundry.mb.android.mb_veritycu,Finance,Malicious,0.09530074553857572,0.9046992544614243
FOREXTrader for Android,com.forex.forextrader,Finance,Malicious,0.09530074553857572,0.9046992544614243
Torrent Funnel,com.ricktonoli.torrentfunnel,Tools,Malicious,0.09530074553857572,0.9046992544614243
ToothBrush,com.andromeda.toothbrush,Tools,Malicious,0.09530074553857572,0.9046992544614243
Credit Union Now! Ultimate Ed.,com.motorcitysoftware.creditunionnow,Finance,Malicious,0.09530074553857572,0.9046992544614243
GWT Mobile UI,com.gwtmobile.ui.kitchensink,Libraries & Demo,Malicious,0.09530074553857572,0.9046992544614243
Jobs in Ukraine,net.multipi.ajob,Business,Malicious,0.09530074553857572,0.9046992544614243
Eye Cinema Listings,com.dreamstep.wEye_Cinema,Tools,Malicious,0.09530074553857572,0.9046992544614243
World Factbook & Widget,tm.app.worldFactbook,Tools,Malicious,0.09530074553857572,0.9046992544614243
My Turkey Buddy,air.MyTurkeyBuddy,Tools,Malicious,0.09530074553857572,0.9046992544614243
Talk Fusion,com.dreamstep.wTalkFusion,Business,Malicious,0.09530074553857572,0.9046992544614243
AskDroid Desktop Search Widget,com.sadko.askdroid,Tools,Malicious,0.09530074553857572,0.9046992544614243
iTrader 8,com.dealingoffice.trader,Finance,Malicious,0.09530074553857572,0.9046992544614243
Battery Robo (Robo battery),com.uni_ty.battery_robo,Tools,Malicious,0.09530074553857572,0.9046992544614243
Aircraft Parts Finder,com.krn.mobile,Business,Malicious,0.09530074553857572,0.9046992544614243
Quantum FX Bot APP,com.quantumfxbot,Business,Malicious,0.09530074553857572,0.9046992544614243
WoW,com.Android.TornWOW,Tools,Malicious,0.09530074553857572,0.9046992544614243
Ringer Volume (scheduler),eu.ebak.www,Tools,Malicious,0.09530074553857572,0.9046992544614243
User Agent Switcher,com.benigumo.useragentswitcher,Tools,Malicious,0.09530074553857572,0.9046992544614243
Forge Remote,tk.headdetect.apps.mcforge.remote.pro,Tools,Malicious,0.09530074553857572,0.9046992544614243
Trend Collect Client USA,jp.ne.android.trendcollectclientusa,Tools,Malicious,0.09530074553857572,0.9046992544614243
Virtual Shopping Cart,org.kitos.android,Finance,Malicious,0.09530074553857572,0.9046992544614243
Sales Giant Training,com.custom.androidapps.salesgiant,Business,Malicious,0.09530074553857572,0.9046992544614243
AppBrain App Market,com.appspot.swisscodemonkeys.apps,Tools,Malicious,0.09530074553857572,0.9046992544614243
Android Web Platform,com.yestilo.awp,Tools,Malicious,0.09530074553857572,0.9046992544614243
City Trading,com.effectivesoft.citytrading,Finance,Malicious,0.09530074553857572,0.9046992544614243
ZuluTrade Widget,zulu.trade.widget,Finance,Malicious,0.09530074553857572,0.9046992544614243
Wikinvest Portfolio,com.wikinvest.wikinvest,Finance,Malicious,0.09530074553857572,0.9046992544614243
Tip Calculator by TradeFields,com.istockmanager,Finance,Malicious,0.09530074553857572,0.9046992544614243
Auto Loan Calculator,com.xinifynetworks.autoLoanCalculator,Finance,Malicious,0.09530074553857572,0.9046992544614243
Tjust,air.br.com.dnxi.Tjust,Tools,Malicious,0.09530074553857572,0.9046992544614243
Tow Truck Driver App,com.talax.towtruckdriver,Productivity,Malicious,0.09530074553857572,0.9046992544614243
Alt??n ve D??viz,tr.gen.hyper.altindoviz,Finance,Malicious,0.09530074553857572,0.9046992544614243
Random Numbers Generator Pro,pawelz.Apps.Numbers.Generator,Tools,Malicious,0.09530074553857572,0.9046992544614243
Shr.tn  w/ twicca plugin,com.hamedabdelli.shrtn,Tools,Malicious,0.09530074553857572,0.9046992544614243
Swissquote,com.swissquote.android,Finance,Malicious,0.09530074553857572,0.9046992544614243
HVAC Quick Load,com.carmelsoft.HVACQuickLoad,Business,Malicious,0.09530074553857572,0.9046992544614243
STOCK'n RISK,com.labforecast.stocknrisk,Finance,Malicious,0.09530074553857572,0.9046992544614243
Snow Plow Bid Estimator,appinventor.ai_Gopherhaul.Snow_Plow_Estimator_2,Business,Malicious,0.09530074553857572,0.9046992544614243
BANK ON HOUSTON,air.BankHoston,Finance,Malicious,0.09530074553857572,0.9046992544614243
LED Clock,com.andronicus.ledclock,Tools,Malicious,0.09530074553857572,0.9046992544614243
Cash Counter,de.appengo.cashcounter.ads,Tools,Malicious,0.09530074553857572,0.9046992544614243
Toothbrush Pacer,com.appynow.toothbrush,Tools,Malicious,0.09530074553857572,0.9046992544614243
iASPI,cz.aspi.android.iASPI,Business,Malicious,0.09530074553857572,0.9046992544614243
Wyborcza.biz,pl.agora.wyborczabiz,Business,Malicious,0.09530074553857572,0.9046992544614243
Doit.im,im.doit.android,Productivity,Malicious,0.09530074553857572,0.9046992544614243
GPUBench,com.ellismarkov.gpubench,Tools,Malicious,0.09530074553857572,0.9046992544614243
Adobe AIR,com.adobe.air,Tools,Malicious,0.09530074553857572,0.9046992544614243
Uninstaller,cn.wangmeng.uninstaller,Tools,Malicious,0.09530074553857572,0.9046992544614243
Turkish Dictionary,com.burak.android.dictionary,Tools,Malicious,0.09530074553857572,0.9046992544614243
Gear Speed Calculator,com.robgreen.gearspeedcalc,Tools,Malicious,0.09530074553857572,0.9046992544614243
Toothbrush Pacer,com.appynow.toothbrush,Tools,Malicious,0.09530074553857572,0.9046992544614243
Forex,appinventor.ai_tuhin_champion.Forex,Business,Malicious,0.09530074553857572,0.9046992544614243
It's your station!,jp.co.kcc.nds.metroalarm,Tools,Malicious,0.09530074553857572,0.9046992544614243
Feet Inch Calculator Free,com.byonetech.mobile.android,Tools,Malicious,0.09530074553857572,0.9046992544614243
Trade Show App Sample,com.dilemmamanagement.TradeShowSample,Business,Malicious,0.09530074553857572,0.9046992544614243
Trade Storm,com.coldsnowstudios.android,Finance,Malicious,0.09530074553857572,0.9046992544614243
Stock TW,heartj.android.stocktw,Finance,Malicious,0.09530074553857572,0.9046992544614243
AFreeMyNet,com.lordikc.AFreeMyNet,Tools,Malicious,0.09530074553857572,0.9046992544614243
ICE mobile,com.theice.android.icemobile,Finance,Malicious,0.09530074553857572,0.9046992544614243
Dog Doggy Dog Whistle,com.antidog,Tools,Malicious,0.09530074553857572,0.9046992544614243
Two Hundred Year Calendar,phoenix.TwoHundredYearCalendar,Tools,Malicious,0.09530074553857572,0.9046992544614243
xMobile,com.xtb.xtbtrader,Finance,Malicious,0.09530074553857572,0.9046992544614243
Forex Trading Unlocked,com.dreamstep.wForexTradingUnlocked,Business,Malicious,0.09530074553857572,0.9046992544614243
Messe D??sseldorf App,com.mwaysolutions.messeDd,Business,Malicious,0.09530074553857572,0.9046992544614243
AnimalDesignBattery,jp.co.hikesiya.BatteryInformation,Tools,Malicious,0.09530074553857572,0.9046992544614243
TradeFX,fxclub.trader,Finance,Malicious,0.09530074553857572,0.9046992544614243
Translate free,com.james.GGTranslate,Productivity,Malicious,0.09530074553857572,0.9046992544614243
Forex-Metal MT4 droidTrader,com.forexonthego.android.forexmetal,Finance,Malicious,0.09530074553857572,0.9046992544614243
StatusBar Calendar,com.kumaspiral.StatusBarCalendar,Tools,Malicious,0.09530074553857572,0.9046992544614243
FX PairsTrade Chart 2011,com.kaname.surya.android.fxpairstradechart2011,Finance,Malicious,0.09530074553857572,0.9046992544614243
myTrade,org.wzdworks.android.ktnet,Business,Malicious,0.09530074553857572,0.9046992544614243
Duesseldorf Rhine Tower Clock,de.velastudios.towerclock,Tools,Malicious,0.09530074553857572,0.9046992544614243
Cell Phone Trace,com.cellphonetrace,Tools,Malicious,0.09530074553857572,0.9046992544614243
Mobile Market Monitor,com.wjimobileapps.marketmonitor,Finance,Malicious,0.09530074553857572,0.9046992544614243
Cloud Server Management,com.unitedinternet.cloudserver,Productivity,Malicious,0.09530074553857572,0.9046992544614243
Film Utility,com.fatslimmer.filmutil,Tools,Malicious,0.09530074553857572,0.9046992544614243
Forex Income Engine APP,com.fie,Business,Malicious,0.09530074553857572,0.9046992544614243
Visual Spreads Trading Demo,com.appdragons.visualspreads,Finance,Malicious,0.09530074553857572,0.9046992544614243
Sh'rholickr,com.product.kanzmrsw.shrholickr,Tools,Malicious,0.09530074553857572,0.9046992544614243
Freebox Control,aize.eu.freeboxcontrol,Productivity,Malicious,0.09530074553857572,0.9046992544614243
Remote Transmission Utilities,com.trandroid,Tools,Malicious,0.09530074553857572,0.9046992544614243
Stock Option Basic,com.businesscompassllc.stockoptionbasic,Finance,Malicious,0.09530074553857572,0.9046992544614243
CFE Mobile,cfe.mobile,Finance,Malicious,0.09530074553857572,0.9046992544614243
David Maus Toyota,com.automotiontv.davidmaustoyota,Business,Malicious,0.09530074553857572,0.9046992544614243
Eye Cinema Horizontal,com.dreamstep.wEye_Cinema_Horizontal,Tools,Malicious,0.09530074553857572,0.9046992544614243
Easy Calc Talking Full,appinventor.ai_nightclubtorino.EasyCalculator,Tools,Malicious,0.09530074553857572,0.9046992544614243
Euromaxfx MT4 droidTrader,com.forexonthego.android.forex.disp.Euromaxfx,Finance,Malicious,0.09530074553857572,0.9046992544614243
Ford Super Duty DTCs Free,com.gearboxz.dtcs.ford64,Productivity,Malicious,0.09530074553857572,0.9046992544614243
US Military Pay Calc Free,com.crashtestdummylimited.militarypaycalculatorfree,Finance,Malicious,0.09530074553857572,0.9046992544614243
Stock Market News,com.jdkapps.stockmarket,Business,Malicious,0.09530074553857572,0.9046992544614243
#1 Texas Gun Trader,com.dreamstep.wTexasGunTrader,Tools,Malicious,0.09530074553857572,0.9046992544614243
Forex Trading Strategies,com.koolappz.EP77703140001,Business,Malicious,0.09530074553857572,0.9046992544614243
ByteTornado Downloader,com.virtuesoft.download,Tools,Malicious,0.09530074553857572,0.9046992544614243
????.????????????????????,ua.tcrs.stat,Tools,Malicious,0.09530074553857572,0.9046992544614243
Trading Kaeta,Kaeta.Trade,Finance,Malicious,0.09530074553857572,0.9046992544614243
Excel 2007 Video Training,com.amazingelearning.mob001005,Business,Malicious,0.09530074553857572,0.9046992544614243
Modern Interview Tips,com.koolappz.EP77704570001,Productivity,Malicious,0.09530074553857572,0.9046992544614243
Currency Widget,net.letscorp.currencywidget,Finance,Malicious,0.09530074553857572,0.9046992544614243
Meridian Bank Texas Mobile,com.mfoundry.mb.android.mb_817,Finance,Malicious,0.09530074553857572,0.9046992544614243
DIY Sports Registration,com.diysports.cart,Tools,Malicious,0.09530074553857572,0.9046992544614243
CNBC Real-Time for Google TV,com.nbc.cnbc.android.googletv,Finance,Malicious,0.09530074553857572,0.9046992544614243
My Expenses,hk.com.unicorntn.myexpenses,Finance,Malicious,0.09530074553857572,0.9046992544614243
iAlert : S&P 500 Voice Alerts,appinventor.ai_temp8870.iAlert,Finance,Malicious,0.09530074553857572,0.9046992544614243
Imperial Calculator,com.jimmcgowen.imperialcalc,Productivity,Malicious,0.09530074553857572,0.9046992544614243
Feet Inch Material Calculator,com.byonetech.mobile.android.bec.activity,Tools,Malicious,0.09530074553857572,0.9046992544614243
Cash Counter (ad-free),de.appengo.cashcounter,Tools,Malicious,0.09530074553857572,0.9046992544614243
Emergency Flasher HD,air.com.hyperactiveworks.emergencyflasher,Tools,Malicious,0.09530074553857572,0.9046992544614243
GBIndices,geoblast.indices,Finance,Malicious,0.09530074553857572,0.9046992544614243
Scientific Calculator,com.mamuso.calcandroid,Productivity,Malicious,0.09530074553857572,0.9046992544614243
Fake Name Generator,com.S201.Fng,Tools,Malicious,0.09530074553857572,0.9046992544614243
Triangle Calculator Trial,appinventor.ai_philse73.Triangle_trial,Tools,Malicious,0.09530074553857572,0.9046992544614243
FORUM Credit Union ??? CU Online,com.forumcu.cuonline,Finance,Malicious,0.09530074553857572,0.9046992544614243
iRaceDash,com.mydigitalimagination.iracedash,Tools,Malicious,0.09530074553857572,0.9046992544614243
Money Saver,com.CGlance.moneySaverIdeas,Finance,Malicious,0.09530074553857572,0.9046992544614243
xMobile,com.xtb.xtbtrader,Finance,Malicious,0.09530074553857572,0.9046992544614243
Android Croatia,com.vision.androidcr,Tools,Malicious,0.09530074553857572,0.9046992544614243
Unit Converter,tm.app.unitConverter,Tools,Malicious,0.09530074553857572,0.9046992544614243
PC Monitor,com.mobilepcmonitor,Business,Malicious,0.09530074553857572,0.9046992544614243
Help Smartphones,appinventor.ai_javier7422.Ayuda,Tools,Malicious,0.09530074553857572,0.9046992544614243
Measures Converter,rallapps.android.measureconverter,Tools,Malicious,0.09530074553857572,0.9046992544614243
Morse Code Trainer,hunt.morseDit,Tools,Malicious,0.09530074553857572,0.9046992544614243
thinkorswim Mobile,com.devexperts.tdmobile.platform.android.thinkorswim,Finance,Malicious,0.09530074553857572,0.9046992544614243
Trend Collect Client JPN,jp.ne.android.trendcollectclient,Tools,Malicious,0.09530074553857572,0.9046992544614243
android mobile voting,com.ts.sepolling,Productivity,Malicious,0.09530074553857572,0.9046992544614243
Denver Community CU,com.mfoundry.mb.android.mb_1302075694,Finance,Malicious,0.09530074553857572,0.9046992544614243
Feet to Inches,an.FeinX,Tools,Malicious,0.09530074553857572,0.9046992544614243
iFundamentals,com.ifundamentals,Business,Malicious,0.09530074553857572,0.9046992544614243
Auto Translation,com.droid.translator,Tools,Malicious,0.09530074553857572,0.9046992544614243
MtG Trader,com.blogger.clockworkgear.mtgtrader,Tools,Malicious,0.09530074553857572,0.9046992544614243
Hot Tip Calculator,com.bluetornado.tipcalculator,Tools,Malicious,0.09530074553857572,0.9046992544614243
Blue???,com.cfcwireless.blue,Finance,Malicious,0.09530074553857572,0.9046992544614243
LoanSolver,com.vmdiv.loansolver,Finance,Malicious,0.09530074553857572,0.9046992544614243
Pokemon trading card manager,fr.codlab.cartes,Tools,Malicious,0.09530074553857572,0.9046992544614243
Usb Tunnel,service.tracetool,Tools,Malicious,0.09530074553857572,0.9046992544614243
Magic TV Remote,com.pms.mtvctrl,Tools,Malicious,0.09530074553857572,0.9046992544614243
Advanced Task Killer Froyo,com.rechild.advancedtaskkillerfroyo,Productivity,Malicious,0.09530074553857572,0.9046992544614243
Length / Distance conversion,net.oxdb.ConvertL,Tools,Malicious,0.09530074553857572,0.9046992544614243
BitCoinX,com.tempodynamics.BitCoin.BitCoinX,Business,Malicious,0.09530074553857572,0.9046992544614243
Google Chrome to Phone,com.google.android.apps.chrometophone,Tools,Malicious,0.09530074553857572,0.9046992544614243
Tip Calculator International,de.tg,Finance,Malicious,0.09530074553857572,0.9046992544614243
IG Markets,com.iggroup.android.cfd,Finance,Malicious,0.09530074553857572,0.9046992544614243
Garage Buddy: PRO,com.turtlerockstudios.garagebuddy,Tools,Malicious,0.09530074553857572,0.9046992544614243
Bodhtree_MLS,com.bodhtree,Business,Malicious,0.09530074553857572,0.9046992544614243
Finam aTrader,com.finam.trader,Finance,Malicious,0.09530074553857572,0.9046992544614243
ANiAPPCars,com.aniapp.cars,Tools,Malicious,0.09530074553857572,0.9046992544614243
Bay State,com.promocorner.BayState,Business,Malicious,0.09530074553857572,0.9046992544614243
Rc Final Gear Ratio Calculator,rc.gearratio,Tools,Malicious,0.09530074553857572,0.9046992544614243
Training!! Encrypt/Decrypt,com.military.crypto,Tools,Malicious,0.09530074553857572,0.9046992544614243
Movie Chooser,com.adventlightapps.free1,Tools,Malicious,0.09530074553857572,0.9046992544614243
BlackJack Lab,black.jack.lab,Tools,Malicious,0.09530074553857572,0.9046992544614243
TipNSplit Tip Calculator,com.handyapps.tipnsplit,Finance,Malicious,0.09530074553857572,0.9046992544614243
Percent Calculator,com.cityjams.calculators,Tools,Malicious,0.09530074553857572,0.9046992544614243
Rover North Forex APP,com.rover,Business,Malicious,0.09530074553857572,0.9046992544614243
Prestadget,air.com.ebuildy.prestadget,Productivity,Malicious,0.09530074553857572,0.9046992544614243
Do it (Tomorrow),com.adylitica.android.DoItTomorrow,Productivity,Malicious,0.09530074553857572,0.9046992544614243
MBT Mobile,com.msf.mbt,Finance,Malicious,0.09530074553857572,0.9046992544614243
NoBrowser,com.skarcha.nobrowser,Tools,Malicious,0.09530074553857572,0.9046992544614243
Compare My Mobile,com.townside.comparemymobile,Finance,Malicious,0.09530074553857572,0.9046992544614243
Guide to Swing Trading,appinventor.ai_casey_wigginton.SwingTrading,Finance,Malicious,0.09530074553857572,0.9046992544614243
Hasta La Vista,droid.pr.hastalavista,Tools,Malicious,0.09530074553857572,0.9046992544614243
ç„¡ç·šLANè¨­å®š,jp.eguchi.android.wificonfig,Tools,Malicious,0.09530074553857572,0.9046992544614243
Unit conversion,net.oxdb.ConvertS,Tools,Malicious,0.09530074553857572,0.9046992544614243
Civilization Tech Helper,com.civtechtracker,Tools,Malicious,0.09530074553857572,0.9046992544614243
TK-Lex,de.tk.apps.android.tklex,Business,Malicious,0.09530074553857572,0.9046992544614243
Silverman Goodwin LLP Attorney,com.attorneyproz.silvermangoodwin.com,Business,Malicious,0.09530074553857572,0.9046992544614243
Precision StopWatch,com.cilctel.crono,Tools,Malicious,0.09530074553857572,0.9046992544614243
Material Calculator,air.MulchCalculator,Tools,Malicious,0.09530074553857572,0.9046992544614243
POS Portal Mobile App,com.posportal.buyposportal,Business,Malicious,0.09530074553857572,0.9046992544614243
optionsXpress,com.msf.opx,Finance,Malicious,0.09530074553857572,0.9046992544614243
Adobe Reader,com.adobe.reader,Productivity,Malicious,0.09530074553857572,0.9046992544614243
eNETraffic ?????????,com.domobile.enetraffic,Tools,Malicious,0.09530074553857572,0.9046992544614243
Control Phone,se.control.phone,Business,Malicious,0.09530074553857572,0.9046992544614243
Appreciate: Find Apps,com.triapodi.apprec,Tools,Malicious,0.09530074553857572,0.9046992544614243
D??viz Kurlar??,com.ersinkoc.doviz,Productivity,Malicious,0.09530074553857572,0.9046992544614243
Scrabble Short Words,com.bezzmedia.android.scrabbleshortwords,Tools,Malicious,0.09530074553857572,0.9046992544614243
SamyGo Remote,de.quist.app.samyGoRemote,Tools,Malicious,0.09530074553857572,0.9046992544614243
PoliceLightFree,bat.PoliceLightFree,Tools,Malicious,0.09530074553857572,0.9046992544614243
ThinkingRock GTD,au.com.trgtd.tr,Productivity,Malicious,0.09530074553857572,0.9046992544614243
AnimalDesignBattery,jp.co.hikesiya.BatteryInformation,Tools,Malicious,0.09530074553857572,0.9046992544614243
Fundraising Basics,com.koolappz.EP77703310001,Finance,Malicious,0.09530074553857572,0.9046992544614243
TWIPPITSU,jp.tmhouse.BraillersTweeter,Libraries & Demo,Malicious,0.09530074553857572,0.9046992544614243
Positivity with Andrew Johnson,com.hivebrain.andrewjohnson.positivity,Tools,Malicious,0.09530074553857572,0.9046992544614243
Circel of Assassin Free,basarafire.android.app.circelofassassinfree,Tools,Malicious,0.09530074553857572,0.9046992544614243
CU Conferences,com.mobileoninc.pkg_f28b9f85_cd2c_4661_bce8_54f3fbaaaee9.android,Finance,Malicious,0.09530074553857572,0.9046992544614243
ASUS NAS-M25 BT Manager,com.asus,Libraries & Demo,Malicious,0.09530074553857572,0.9046992544614243
First Tennessee Mobile Banking,com.mfoundry.mb.android.mb_ftb,Finance,Malicious,0.09530074553857572,0.9046992544614243
Forex Master Method APP,com.rhfmm,Finance,Malicious,0.09530074553857572,0.9046992544614243
PFGBEST,com.msf.pfg,Finance,Malicious,0.09530074553857572,0.9046992544614243
OTX free trading platform,com.omegatraders.android,Finance,Malicious,0.09530074553857572,0.9046992544614243
Final Countdown,hdn.android.countdown,Tools,Malicious,0.09530074553857572,0.9046992544614243
ActDroid,actforex.trader,Finance,Malicious,0.09530074553857572,0.9046992544614243
Mue Bus Time,jp.mue.bustime,Tools,Malicious,0.09530074553857572,0.9046992544614243
Smart Protractor,kr.sira.protractor,Tools,Malicious,0.09530074553857572,0.9046992544614243
Task Manager,com.rhythm.hexise.task,Business,Malicious,0.09530074553857572,0.9046992544614243
Red River CU,com.rrfcu,Finance,Malicious,0.09530074553857572,0.9046992544614243
Super Task Killer,com.bruce.tk,Tools,Malicious,0.09530074553857572,0.9046992544614243
Car Trouble,com.handstorm.cartrouble,Tools,Malicious,0.09530074553857572,0.9046992544614243
Nassau Financial Federal CU,com.mfoundry.mb.android.mb_nffcu,Finance,Malicious,0.09530074553857572,0.9046992544614243
MT4 Remote 2.0 beta,com.mt4remote2,Finance,Malicious,0.09530074553857572,0.9046992544614243
QuickBooks 2009 Video Training,com.amazingelearning.mob001002,Business,Malicious,0.09530074553857572,0.9046992544614243
Word 2007 Video Training,com.amazingelearning.mob001014,Productivity,Malicious,0.09530074553857572,0.9046992544614243
Ty gia viet,mobile.android.activity,Finance,Malicious,0.09530074553857572,0.9046992544614243
Canadian Wireless Trade Show,com.cwts,Business,Malicious,0.09530074553857572,0.9046992544614243
Currency Converter,com.viking.currency,Tools,Malicious,0.09530074553857572,0.9046992544614243
marketindex,com.oanda.fxtrade.rbs,Finance,Malicious,0.09530074553857572,0.9046992544614243
World Clock & Widget,tm.app.worldClock,Productivity,Malicious,0.09530074553857572,0.9046992544614243
Day Trading,net.astrocycle,Finance,Malicious,0.09530074553857572,0.9046992544614243
Mini Info Pro Key,com.dynotes.miniinfopro,Productivity,Malicious,0.09530074553857572,0.9046992544614243
Shorty,de.joernahrens.android.shorty,Tools,Malicious,0.09530074553857572,0.9046992544614243
One Click Translate 4 Langs.,nekolab.oneclicktranslate,Tools,Malicious,0.09530074553857572,0.9046992544614243
KE Trade Mobile,com.msf.ket,Finance,Malicious,0.09530074553857572,0.9046992544614243
Task Assassin Free,basarafire.android.app.taskassassintrial,Tools,Malicious,0.09530074553857572,0.9046992544614243
U.S. National Debt Clock,com.jj.android.usdebtclock,Finance,Malicious,0.09530074553857572,0.9046992544614243
LiteForex Trading Terminal,com.liteforex.trader,Finance,Malicious,0.09530074553857572,0.9046992544614243
US Government Grants,org.me.androidgrants,Finance,Malicious,0.09530074553857572,0.9046992544614243
Visio Pro 2007 Video Training,com.amazingelearning.mob001013,Business,Malicious,0.09530074553857572,0.9046992544614243
iOCBC TradeMobile,com.iocbc.trademobile,Finance,Malicious,0.09530074553857572,0.9046992544614243
Anti Dog Repellent  / Whistle,Adam.androiddev,Tools,Malicious,0.09530074553857572,0.9046992544614243
Reverse RSI(2) Solver,com.cg3.android.rsisolver,Finance,Malicious,0.09530074553857572,0.9046992544614243
Ustream Launcher (beta ver.),com.dndoc.ustlaunch,Tools,Malicious,0.09530074553857572,0.9046992544614243
RegexDroid,eu.borzaindustries.regexdroid,Productivity,Malicious,0.09530074553857572,0.9046992544614243
TD Ameritrade Mobile,com.istockmanager.android,Finance,Malicious,0.09530074553857572,0.9046992544614243
Canton Fair Guide,air.net.cantonfair.net,Business,Malicious,0.09530074553857572,0.9046992544614243
IT Training-1 Nugget at a Time,Nuggets.Player,Productivity,Malicious,0.09530074553857572,0.9046992544614243
Fox Business for Google TV,com.foxbusiness.tv,Business,Malicious,0.09530074553857572,0.9046992544614243
Fractional Calculator,com.senecacreeksoftware.fractionalcalculator,Tools,Malicious,0.09530074553857572,0.9046992544614243
Android Translator,com.ostrobar.translator,Tools,Malicious,0.09530074553857572,0.9046992544614243
Bus/Train Schedule Quick View,com.yukiame.BusSchedQV,Tools,Malicious,0.09530074553857572,0.9046992544614243
Trading Wisdom,com.givoli.tradingwisdom,Finance,Malicious,0.09530074553857572,0.9046992544614243
Cube Calculator Free,my.android.calc,Tools,Malicious,0.09530074553857572,0.9046992544614243
All in One Kodierungsbrowser,name.schmidt.andreas.allinone.android,Business,Malicious,0.09530074553857572,0.9046992544614243
HomeMoney,com.ua.homemoney,Finance,Malicious,0.09530074553857572,0.9046992544614243
New Tech Global,NTGV.Jobs,Business,Malicious,0.09530074553857572,0.9046992544614243
Triangle Calculator,appinventor.ai_philse73.Triangle,Tools,Malicious,0.09530074553857572,0.9046992544614243
IG Index,com.iggroup.android.spreadbet,Finance,Malicious,0.09530074553857572,0.9046992544614243
Landscaping Calculator Pro,com.mjh.android.landscapePro,Productivity,Malicious,0.09530074553857572,0.9046992544614243
Affordable Chiropractic,com.dreamstep.wAffordableChiropractic,Business,Malicious,0.09530074553857572,0.9046992544614243
TD Ameritrade Mobile Trader,com.devexperts.tdmobile.platform.android.ameritrade,Finance,Malicious,0.09530074553857572,0.9046992544614243
Kodak Cinema Tools,com.kodak.ei.cinematools,Tools,Malicious,0.09530074553857572,0.9046992544614243
Smart Live Markets droidTrader,com.forexonthego.android.forex.smartlive,Finance,Malicious,0.09530074553857572,0.9046992544614243
Smartphones,appinventor.ai_javier7422.Smartphones,Tools,Malicious,0.09530074553857572,0.9046992544614243
OANDA fxTrade for Android,com.oanda.fxtrade,Finance,Malicious,0.09530074553857572,0.9046992544614243
Work Here Find your job,br.com.trampoaqui,Tools,Malicious,0.09530074553857572,0.9046992544614243
Torch (Light),com.dexterltd.torch,Tools,Malicious,0.09530074553857572,0.9046992544614243
MetaMouse,com.luminiferousAether.MetaMouse,Tools,Malicious,0.09530074553857572,0.9046992544614243
Simply Advanced Unit Converter,appinventor.ai_danialgoodwin.ConvertUnits,Tools,Malicious,0.09530074553857572,0.9046992544614243
US Navy Decoder,com.crashtestdummylimited.navydecoder,Tools,Malicious,0.09530074553857572,0.9046992544614243
OpenVPN GUI (Root),nk.bla.android.openvpn_gui,Tools,Malicious,0.09530074553857572,0.9046992544614243
Texas Title Rate Calculator,com.fntg.fntic.mobile.RateCalcTx,Finance,Malicious,0.09530074553857572,0.9046992544614243
Guide to Forex Trading,com.koolappz.EP77900510001,Business,Malicious,0.09530074553857572,0.9046992544614243
Kotak Mobile Stock Trader,com.msf.kotak,Finance,Malicious,0.09530074553857572,0.9046992544614243
Forex Profit Multiplier APP,com.fxtp,Finance,Malicious,0.09530074553857572,0.9046992544614243
Currency Widget,net.letscorp.currencywidget,Finance,Malicious,0.09530074553857572,0.9046992544614243
Emergency Flasher HD,air.com.hyperactiveworks.emergencyflasher,Tools,Malicious,0.09530074553857572,0.9046992544614243
Construction Calc,com.lightraystudio.constructioncalctrial,Productivity,Malicious,0.09530074553857572,0.9046992544614243
LTAndroid,lt.ltandroid.app,Tools,Malicious,0.09530074553857572,0.9046992544614243
??????????????????(ROOT???),com.dromeng.processteacher,Tools,Malicious,0.09530074553857572,0.9046992544614243
Vladimir's Forex Signals APP,com.vladimirfxsignals,Business,Malicious,0.09530074553857572,0.9046992544614243
Robina Village Dental Care,com.dreamstep.wRobinaVillageDental,Business,Malicious,0.09530074553857572,0.9046992544614243
K9 Training with VonFalconer,com.nov8rix.ericfalconer,Business,Malicious,0.09530074553857572,0.9046992544614243
Remote Transmission,com.neogb.rtac,Tools,Malicious,0.09530074553857572,0.9046992544614243
RationalCalc Free,com.snoffleware.android.rationalcalcfree,Productivity,Malicious,0.09530074553857572,0.9046992544614243
Freedom Credit Union,com.mfoundry.mb.android.mb_1236084751,Finance,Malicious,0.09530074553857572,0.9046992544614243
Wind Turbine Trumpet,appinventor.ai_Adinkratech.WindTech1,Business,Malicious,0.09530074553857572,0.9046992544614243
NBU Grivna Rates,com.zcs.android.nburates.activity,Finance,Malicious,0.09530074553857572,0.9046992544614243
Templer FX MT4 droidTrader,com.forexonthego.android.forex.templerfx,Finance,Malicious,0.09530074553857572,0.9046992544614243
Simple Timers,com.bware.apps.multitimer,Tools,Malicious,0.09530074553857572,0.9046992544614243
FNBT & FCB Mobile Banking,com.mfoundry.mb.android.mb_111906271,Finance,Malicious,0.09530074553857572,0.9046992544614243
Convertor Pro,name.udell.convertor,Business,Malicious,0.09530074553857572,0.9046992544614243
TV Show Tracker Free,com.nomax.eztvfeeds,Tools,Malicious,0.09530074553857572,0.9046992544614243
App Arbiter,com.ty.apparbiter,Tools,Malicious,0.09530074553857572,0.9046992544614243
Cash Central Payday Loans,com.dreamstep.wCashCentral,Finance,Malicious,0.09530074553857572,0.9046992544614243
Endura Rubber Mulch,cobalt.endura,Business,Malicious,0.09530074553857572,0.9046992544614243
HBE Trader,hu.lanoga.droker,Finance,Malicious,0.09530074553857572,0.9046992544614243
Metrics Conversion,com.inturi.net.android.MetricsConversion,Tools,Malicious,0.09530074553857572,0.9046992544614243
BLOCCO GPS Switch,com.program.toy.GPSSwitch,Tools,Malicious,0.09530074553857572,0.9046992544614243
Indicadores Chile,cl.yeku.indicadores,Finance,Malicious,0.09530074553857572,0.9046992544614243
Mobile Web Design Onbile,com.onbile,Tools,Malicious,0.09530074553857572,0.9046992544614243
Incognito Browser,uk.co.exelentia.privatebrowser,Tools,Malicious,0.09530074553857572,0.9046992544614243
Turtle Rules,com.jason3000d.turtlerules,Business,Malicious,0.09530074553857572,0.9046992544614243
FREEMAN,com.freeman.cemobile.android,Productivity,Malicious,0.09530074553857572,0.9046992544614243
Transmission GUI,com.rsa.transguic,Tools,Malicious,0.09530074553857572,0.9046992544614243
Webank,com.opentecheng.android.webank,Finance,Malicious,0.09530074553857572,0.9046992544614243
Signal Fx,air.fxapps.SignalFx,Finance,Malicious,0.09530074553857572,0.9046992544614243
Server Monitor,com.odinnet.servermonitor,Productivity,Malicious,0.09530074553857572,0.9046992544614243
HLeBroking,com.hlebroking.activities,Finance,Malicious,0.09530074553857572,0.9046992544614243
Texas Buy My Ride,com.dreamstep.wTexasBuyMyRide,Finance,Malicious,0.09530074553857572,0.9046992544614243
Free Advanced Task Manager,com.arron.taskManagerFree,Tools,Malicious,0.09530074553857572,0.9046992544614243
Turtle Rules,com.jason3000d.turtlerules,Business,Malicious,0.09530074553857572,0.9046992544614243
App Uninstaller + APPtoSD,com.QuickUninstall,Productivity,Malicious,0.09530074553857572,0.9046992544614243
Google TV Remote,com.google.android.apps.tvremote,Tools,Malicious,0.09530074553857572,0.9046992544614243
MIG Mobile Trader,com.sersart.mobile.trading.mig,Finance,Malicious,0.09530074553857572,0.9046992544614243
Translator,com.alterme.translator,Tools,Malicious,0.09530074553857572,0.9046992544614243
WakeTube,de.omoco.waketube,Productivity,Malicious,0.09530074553857572,0.9046992544614243
Conduit and Tray Fill,yw.android.ctfill,Productivity,Malicious,0.09530074553857572,0.9046992544614243
Affordable Chiropractic,com.dreamstep.wAffordableChiropractic,Business,Malicious,0.09530074553857572,0.9046992544614243
Surefire Trading Systems APP,com.surefireapp,Business,Malicious,0.09530074553857572,0.9046992544614243
HVAC Duct Sizer,com.carmelsoft.hvacductsizer,Productivity,Malicious,0.09530074553857572,0.9046992544614243
Parsippany Dental,com.trafficforcetech.parsippanydental,Business,Malicious,0.09530074553857572,0.9046992544614243
Calcula tu paro,com.sheldoncooper.calculatuparo_free,Finance,Malicious,0.09530074553857572,0.9046992544614243
SF Police CU Mobile Banking,org.sfpcu,Finance,Malicious,0.09530074553857572,0.9046992544614243
The Conventionist,com.proximalabs.Conventionist,Productivity,Malicious,0.09530074553857572,0.9046992544614243
Forecastica Premium,com.jcentricity.forecastica,Finance,Malicious,0.09530074553857572,0.9046992544614243
Simpe Exchange rate,com.sonetfloor.exchanger,Productivity,Malicious,0.09530074553857572,0.9046992544614243
CAFCU,org.cafcu,Finance,Malicious,0.09530074553857572,0.9046992544614243
MozerLab Vocabulary Tutor,com.milanjovic.mozerlab,Tools,Malicious,0.09530074553857572,0.9046992544614243
SonsHomes,com.dreamstep.wSonsHomes,Business,Malicious,0.09530074553857572,0.9046992544614243
Google Search App,com.gsearch,Tools,Malicious,0.09530074553857572,0.9046992544614243
Battery Egg (Egg battery),com.uni_ty.battery_egg,Tools,Malicious,0.09530074553857572,0.9046992544614243
CPR+ UC '10,cprplus.uc,Tools,Malicious,0.09530074553857572,0.9046992544614243
Advanced Task Killer,com.rechild.advancedtaskkiller,Productivity,Malicious,0.09530074553857572,0.9046992544614243
Nepali Unit Conversion,com.sa.apps,Productivity,Malicious,0.09530074553857572,0.9046992544614243
Carpenter's Calculator,com.timlick.caca3,Productivity,Malicious,0.09530074553857572,0.9046992544614243
UWC aTrader,com.uwc.trader,Business,Malicious,0.09530074553857572,0.9046992544614243
Money Toolkit,com.mtk.pro.android,Finance,Malicious,0.09530074553857572,0.9046992544614243
ABN AMRO Mobiel Bankieren,com.abnamro.nl.mobile.payments,Finance,Malicious,0.09530074553857572,0.9046992544614243
TW Fun Lotto,com.diordnaapps.twlotto,Tools,Malicious,0.09530074553857572,0.9046992544614243
Holidays and Vacations Free,com.solidapps.holidays,Productivity,Malicious,0.09530074553857572,0.9046992544614243
Cortal Consors,com.consors.android.de,Finance,Malicious,0.09530074553857572,0.9046992544614243
Adobe AIR,com.adobe.air,Tools,Malicious,0.09530074553857572,0.9046992544614243
Real Trade MT4 droidTrader,com.forexonthego.android.forex.disp.realTrade,Finance,Malicious,0.09530074553857572,0.9046992544614243
????????????(BaroRun),kr.co.app2u,Tools,Malicious,0.09530074553857572,0.9046992544614243
Chaku-Uta RINGCALL,jp.cmeron,Tools,Malicious,0.09530074553857572,0.9046992544614243
Root Checker Basic,com.joeykrim.rootcheck,Tools,Malicious,0.09530074553857572,0.9046992544614243
i-Libra,com.iLibra.mystock.activities,Finance,Malicious,0.09530074553857572,0.9046992544614243
TV Show Tracker,com.nomax.reader.tvshowtracker,Tools,Malicious,0.09530074553857572,0.9046992544614243
FREE Gold Newsletter,com.appsgeyser.multiTabApp.wFREE_Gold_Forecast,Finance,Malicious,0.09530074553857572,0.9046992544614243
Breakout Trading Forex App,com.breakouttradingapp,Finance,Malicious,0.09530074553857572,0.9046992544614243
View Web Page Source Code,com.androidyou.webpagelite,Tools,Malicious,0.09530074553857572,0.9046992544614243
Apply for Business Grants,com.koolappz.EP77703220001,Business,Malicious,0.09530074553857572,0.9046992544614243
Bull & Bear breakdown,com.cousinHub.Market_Wrap,Finance,Malicious,0.09530074553857572,0.9046992544614243
Tip & Split Calculator,cps.mmxi.propina,Finance,Malicious,0.09530074553857572,0.9046992544614243
Spreading Charts,air.nl.kverneland,Tools,Malicious,0.09530074553857572,0.9046992544614243
fxCalendar,com.yproky.fxCalendar,Finance,Malicious,0.09530074553857572,0.9046992544614243
WiFi Barcode Scanner,at.idsoftware.barcode,Tools,Malicious,0.09530074553857572,0.9046992544614243
????????????,com.ub.cafe,Libraries & Demo,Malicious,0.09530074553857572,0.9046992544614243
Epistle,com.kooklab.epistle,Productivity,Malicious,0.09530074553857572,0.9046992544614243
T.T. MemoPad,com.thinkingtortoise.ttmemopad,Productivity,Malicious,0.09530074553857572,0.9046992544614243
Wikinvest Portfolio,com.wikinvest.wikinvest,Finance,Malicious,0.09530074553857572,0.9046992544614243
soapgateQ!,air.de.qkom.BookStore,Libraries & Demo,Malicious,0.09530074553857572,0.9046992544614243
EMERGENCY FLASHER HD,air.com.hyperactiveworks.emergencyflasher,Tools,Malicious,0.09530074553857572,0.9046992544614243
HP 12C Emulator,br.com.rafaeldipold.hp12c,Finance,Malicious,0.09530074553857572,0.9046992544614243
arboro Mobile Shopware Assist.,de.arboro.ShopwareWidget,Productivity,Malicious,0.09530074553857572,0.9046992544614243
TabSearch,kom.project,Tools,Malicious,0.09530074553857572,0.9046992544614243
Pivot Calculator,com.MobileAnarchy.Android.PivotCalculator,Finance,Malicious,0.09530074553857572,0.9046992544614243
Contul tau Orange,com.orange.contultauorange,Tools,Malicious,0.09530074553857572,0.9046992544614243
Mon.itor.us Android App,com.monitorus.android.mobile,Tools,Malicious,0.09530074553857572,0.9046992544614243
Forex EA Lab APP,com.ealab,Finance,Malicious,0.09530074553857572,0.9046992544614243
Hiragana Widget,com.fc2.web.otterfactory.turtle.ja,Tools,Malicious,0.09530074553857572,0.9046992544614243
Project 2007 Video Training,com.amazingelearning.mob001008,Business,Malicious,0.09530074553857572,0.9046992544614243
CNNMoney For Google TV,com.turner.googletv.cnnmoney,Finance,Malicious,0.09530074553857572,0.9046992544614243
Pire Wheel,com.intineo.android.pirewheel,Productivity,Malicious,0.09530074553857572,0.9046992544614243
DomainSearch,at.sternwerk.domainsuche,Tools,Malicious,0.09530074553857572,0.9046992544614243
Best Apps Market,com.bestappsmarket.android.bestapps,Tools,Malicious,0.09530074553857572,0.9046992544614243
NOX for Android,com.noxsystems.noxclient,Productivity,Malicious,0.09530074553857572,0.9046992544614243
Access 2007 Database Training,com.amazingelearning.mob001007,Business,Malicious,0.09530074553857572,0.9046992544614243
ShareMyApps,com.mattlary.shareMyApps,Tools,Malicious,0.09530074553857572,0.9046992544614243
Construction Calc Pro,com.lightraystudio.constructioncalc,Productivity,Malicious,0.09530074553857572,0.9046992544614243
SR Direct,com.SRMobile.SRDirect,Finance,Malicious,0.09530074553857572,0.9046992544614243
Visual Traceroute,com.rc.vtrace,Tools,Malicious,0.09530074553857572,0.9046992544614243
automatic wallpaper changer,net.ohanasiya.android.flickwallnet,Tools,Malicious,0.09530074553857572,0.9046992544614243
Penny Stock Egghead APP,com.pennyegghead,Business,Malicious,0.09530074553857572,0.9046992544614243
AdLive (beta),com.adlive,Productivity,Malicious,0.09530074553857572,0.9046992544614243
Motivation for Successful Life,com.koolappz.EP77900610001,Productivity,Malicious,0.09530074553857572,0.9046992544614243
Lawn Turf Calculator,appinventor.ai_mydevelop_apps.Turf,Tools,Malicious,0.09530074553857572,0.9046992544614243
TradeFields,com.istockmanager.android.tradefields,Finance,Malicious,0.09530074553857572,0.9046992544614243
Ippitsu 8/2R,jp.tmhouse.Ippitsu8p2r,Libraries & Demo,Malicious,0.09530074553857572,0.9046992544614243
Watch*IT OPC,com.watchitopc,Business,Malicious,0.09530074553857572,0.9046992544614243
uTorrent Watchdog,com.pronata,Tools,Malicious,0.09530074553857572,0.9046992544614243
Close The Sale (Free),com.iCloseAndroid,Tools,Malicious,0.09530074553857572,0.9046992544614243
UK Jobs,org.onejob.android.activities,Business,Malicious,0.09530074553857572,0.9046992544614243
Forex Corporate droidTrader,com.forexonthego.android.forex.forexcorp,Finance,Malicious,0.09530074553857572,0.9046992544614243
Dog Doggy Dog Whistle,com.antidog,Tools,Malicious,0.09530074553857572,0.9046992544614243
ShareBuilder Mobile,ShareBuilderMobile.android,Finance,Malicious,0.09530074553857572,0.9046992544614243
The Pirate Bay,air.thepiratebay,Tools,Malicious,0.09530074553857572,0.9046992544614243
Forex Club Droid,fxclubnfa.trader,Finance,Malicious,0.09530074553857572,0.9046992544614243
Silent Mobile,eu.ebak.silent_mobile,Tools,Malicious,0.09530074553857572,0.9046992544614243
Pastebin Import,de.wildcard.pastebin,Productivity,Malicious,0.09530074553857572,0.9046992544614243
TOP US Tech Stocks (Lite),com.cousinHub.Nasdaq100,Finance,Malicious,0.09530074553857572,0.9046992544614243
TV Show Tracker 1.6+ Free,com.nomax.eztvfeeds2,Tools,Malicious,0.09530074553857572,0.9046992544614243
The 16th Macao International T,com.soworks.mif16,Business,Malicious,0.09530074553857572,0.9046992544614243
Business Integration Truck,de.dbh.android.bit,Productivity,Malicious,0.09530074553857572,0.9046992544614243
Psn Trophy Pal Lite,com.lite.lamandu.psninfotrophy,Tools,Malicious,0.09530074553857572,0.9046992544614243
Water Timer Free,com.speedymarks.android.waterfree,Finance,Malicious,0.09530074553857572,0.9046992544614243
i-Libra for Tablet,com.excelforce.ilibra_tab.activities,Finance,Malicious,0.09530074553857572,0.9046992544614243
Adobe Reader,com.adobe.reader,Productivity,Malicious,0.09530074553857572,0.9046992544614243
Transmission GUI trial,com.rsa.transgui,Tools,Malicious,0.09530074553857572,0.9046992544614243
Reward My Chore,test.rewardmychore,Productivity,Malicious,0.09530074553857572,0.9046992544614243
Advanced Task Killer Froyo,com.rechild.advancedtaskkillerfroyo,Productivity,Malicious,0.09530074553857572,0.9046992544614243
Forex Trading,com.koolappz.EP77703670001,Business,Malicious,0.09530074553857572,0.9046992544614243
Link Inspector,com.gluestickapps.android.abraham,Tools,Malicious,0.09530074553857572,0.9046992544614243
Taiwan Entertainment Shows,irdc.ex08_13,Tools,Malicious,0.09530074553857572,0.9046992544614243
"HWA, Inc.",com.hwa,Finance,Malicious,0.09530074553857572,0.9046992544614243
Warren CAT Ag Mobile,com.warrencat.warrencatagmobile,Business,Malicious,0.09530074553857572,0.9046992544614243
app del2,neet.tk.appdel2,Tools,Malicious,0.09530074553857572,0.9046992544614243
BPI,com.fronde.mbanking.android.pckg.bpi,Finance,Malicious,0.09530074553857572,0.9046992544614243
Jeans Quotes,com.risho.JeansQuotes,Tools,Malicious,0.09530074553857572,0.9046992544614243
Battery Widget,personal.jhjeong.app.batterylite,Tools,Malicious,0.09530074553857572,0.9046992544614243
Publisher 2007 Video Training,com.amazingelearning.mob001003,Productivity,Malicious,0.09530074553857572,0.9046992544614243
PRO Stock Trading Kaeta,Kaeta.TradePro,Finance,Malicious,0.09530074553857572,0.9046992544614243
Gold Silver Real Time Prices,com.terrylau.goldsilvermonitor,Finance,Malicious,0.09530074553857572,0.9046992544614243
Convertor Pro,name.udell.convertor,Business,Malicious,0.09530074553857572,0.9046992544614243
Tamiya TT01 Gear Ratio,tt01.gearratio,Tools,Malicious,0.09530074553857572,0.9046992544614243
Jihsun WTS (Lite),com.willmobile.android.jihsun2,Finance,Malicious,0.09530074553857572,0.9046992544614243
Forex trading winning tips,com.dreamstep.wfreeforextrading,Finance,Malicious,0.09530074553857572,0.9046992544614243
Trade Fair '11,com.floraholland.tradefair,Business,Malicious,0.09530074553857572,0.9046992544614243
Mute Ringer (silent for T min),eu.ebak.snooze_ringer,Tools,Malicious,0.09530074553857572,0.9046992544614243
Training 2011,com.allogy.training,Tools,Malicious,0.09530074553857572,0.9046992544614243
US National Debt Clock Widget,com.wugland.nationaldebtwidget,Finance,Malicious,0.09530074553857572,0.9046992544614243
Android Translator,com.ostrobar.translator,Tools,Malicious,0.09530074553857572,0.9046992544614243
Americaâ€™s Memory Guru,com.nov8rix.memorytech,Business,Malicious,0.09530074553857572,0.9046992544614243
RemoteViewer,com.tongji,Tools,Malicious,0.09530074553857572,0.9046992544614243
Spirit Level Plus,com.wasserwaage,Tools,Malicious,0.09530074553857572,0.9046992544614243
OptionsHouse,com.peak6.oh,Finance,Malicious,0.09530074553857572,0.9046992544614243
Convert video hrs to LTO tapes,appinventor.ai_bill_lurie.QualstarVideoCalc,Tools,Malicious,0.09530074553857572,0.9046992544614243
Success with Andrew Johnson,com.hivebrain.andrewjohnson.success,Productivity,Malicious,0.09530074553857572,0.9046992544614243
Astro B.yond TV Guide,com.measat.astro.epg,Tools,Malicious,0.09530074553857572,0.9046992544614243
mAnalytics,com.mugitek.analytics,Productivity,Malicious,0.09530074553857572,0.9046992544614243
The Best of Craigslist Widget,com.craigslist.widgets.bestofcraiglist,Tools,Malicious,0.09530074553857572,0.9046992544614243
IFX Mobile,com.cityindex.ifx,Finance,Malicious,0.09530074553857572,0.9046992544614243
Boost EGT demo,com.AITI.boostegt,Libraries & Demo,Malicious,0.09530074553857572,0.9046992544614243
Calculator Salariu,com.danielb.salariu,Finance,Malicious,0.09530074553857572,0.9046992544614243
Linkractor,com.saviourcat.linkractor,Tools,Malicious,0.09530074553857572,0.9046992544614243
Bond Calculator Basic,com.businesscompassllc.bondcalculatorbasic,Finance,Malicious,0.09530074553857572,0.9046992544614243
Cash Exchange Ukraine,com.vitche.aCashExchange,Finance,Malicious,0.09530074553857572,0.9046992544614243
Boost Your Credit Score,com.BoostYourCreditScore.book.AOTEOEHJLYHOBROS,Finance,Malicious,0.09530074553857572,0.9046992544614243
DELL Service Requester,clmm.de.delltag,Tools,Malicious,0.09530074553857572,0.9046992544614243
ABN Business Services,com.abnsave.abnbusinessservices,Business,Malicious,0.09530074553857572,0.9046992544614243
app del,neet.tk.appdel,Tools,Malicious,0.09530074553857572,0.9046992544614243
GMC Duramax DTCs,com.gearboxz.dtcs.gmc66,Tools,Malicious,0.09530074553857572,0.9046992544614243
Device info,ua.in.stager.android.devinfo,Tools,Malicious,0.09530074553857572,0.9046992544614243
Mobile UI for Confluence,com.refinedwiki.android.confluence,Business,Malicious,0.09530074553857572,0.9046992544614243
????????????????????????,com.tkkomof.keiba,Libraries & Demo,Malicious,0.09530074553857572,0.9046992544614243
Put.Io on the go!,net.yougli.putio,Tools,Malicious,0.09530074553857572,0.9046992544614243
ETF Trading APP,com.portfolioprophet,Business,Malicious,0.09530074553857572,0.9046992544614243
The jaXed Mash,com.jaxed.mash.Android,Productivity,Malicious,0.09530074553857572,0.9046992544614243
my melody time signal -free-,com.melodyJihoofree,Tools,Malicious,0.09530074553857572,0.9046992544614243
Currency Converter,com.viking.currency,Tools,Malicious,0.09530074553857572,0.9046992544614243
FX TS2 Mobile by FXCM Japan,jp.co.fxcm.trade,Finance,Malicious,0.09530074553857572,0.9046992544614243
ERP to TX Calculation Utility,appinventor.ai_ejmarang.ERP_TX_Calc,Tools,Malicious,0.09530074553857572,0.9046992544614243
PowerPoint 2007 Video Training,com.amazingelearning.mob001009,Business,Malicious,0.09530074553857572,0.9046992544614243
Easy Currency Converter,com.easy.currency.extra.androary,Finance,Malicious,0.09530074553857572,0.9046992544614243
CRM Tasks,com.oitotech.sfdctasksandroid,Productivity,Malicious,0.09530074553857572,0.9046992544614243
Display WiFi Information Tool,jp.ne.neko.freewing.DispWifiInfo,Tools,Malicious,0.09530074553857572,0.9046992544614243
Concrete Estimator,tment.app.concest,Productivity,Malicious,0.09530074553857572,0.9046992544614243
Gold Price in Taiwan,tw.blah.android.goldprice,Finance,Malicious,0.09530074553857572,0.9046992544614243
Aljex Software Mobile,com.aljex.android,Productivity,Malicious,0.09530074553857572,0.9046992544614243
pink ~ camouflage fabric ~,jp.co.indexweb.idxhome.fashion0004_02,Tools,Malicious,0.09530074553857572,0.9046992544614243
Time Calculator,com.senecacreeksoftware.timecalculator,Tools,Malicious,0.09530074553857572,0.9046992544614243
Tip Guide,net.clem_digital.TipGuide,Finance,Malicious,0.09530074553857572,0.9046992544614243
Torrent-fu,com.androidfu.torrents,Tools,Malicious,0.09530074553857572,0.9046992544614243
Chernokozov Trading Adviser,app.com.chernokozov.inc.adviser,Finance,Malicious,0.09530074553857572,0.9046992544614243
RuneScape Martin Staker FREE,com.rsstakerfree,Tools,Malicious,0.09530074553857572,0.9046992544614243
Trend Collect Client UK,jp.ne.android.trendcollectclientuk,Tools,Malicious,0.09530074553857572,0.9046992544614243
Tally Counter,com.cherryCode.tallyCounterFree,Tools,Malicious,0.09530074553857572,0.9046992544614243
Smart Volume Profile Manager,com.intofan.android.smartprofiles,Productivity,Malicious,0.09530074553857572,0.9046992544614243
2X Client RDP/Remote Desktop,com.tux.client,Business,Malicious,0.09530074553857572,0.9046992544614243
OneTouch Timer Beta,com.andrexx.onettbeta,Tools,Malicious,0.09530074553857572,0.9046992544614243
IBM Rio,br.com.ftips.ibmsummit,Business,Malicious,0.09530074553857572,0.9046992544614243
Parking Time,weBuild.orario,Tools,Malicious,0.09530074553857572,0.9046992544614243
Dodge Cummins DTCs,com.gearboxz.dtcs.dodge,Tools,Malicious,0.09530074553857572,0.9046992544614243
TU/e Soep,jazzer.tueSoup,Tools,Malicious,0.09530074553857572,0.9046992544614243
Order web site,paksoftsystems.appspot.com,Finance,Malicious,0.09530074553857572,0.9046992544614243
PTAC Guide by AC Quest,net.hensteeth.acqptacguide,Business,Malicious,0.09530074553857572,0.9046992544614243
Cheap Car Insurance Directory,com.dreamstep.wCheapCarInsuranceDirectoryToday,Finance,Malicious,0.09530074553857572,0.9046992544614243
Candle Patterns,com.griga.android.candlepatterns,Finance,Malicious,0.09530074553857572,0.9046992544614243
DaxDroid,de.omsn.daxDroid,Business,Malicious,0.09530074553857572,0.9046992544614243
ProxyLightTester,com.peteguhl.proxylighttester,Tools,Malicious,0.09530074553857572,0.9046992544614243
Eiffel Tower battery widget,com.liveshot.eiffeltower,Tools,Malicious,0.09530074553857572,0.9046992544614243
IP Address Widget & App,tm.app.ipAddress,Tools,Malicious,0.09530074553857572,0.9046992544614243
TV Show Tracker 1.6+,com.nomax.reader.tvshowtracker2,Tools,Malicious,0.09530074553857572,0.9046992544614243
Adobe Reader,com.adobe.reader,Productivity,Malicious,0.09530074553857572,0.9046992544614243
???????????? (Mortgage Calculator),com.phoenix.mortgage,Tools,Malicious,0.09530074553857572,0.9046992544614243
Nintendo Famicom NES Art Base,resiode.NESCoverBase_,Libraries & Demo,Malicious,0.09530074553857572,0.9046992544614243
Torch,com.andronicus.torchscreenonly,Tools,Malicious,0.09530074553857572,0.9046992544614243
RCA,com.rca,Productivity,Malicious,0.09530074553857572,0.9046992544614243
Improving Your Credit Score,com.koolappz.EP77703300001,Finance,Malicious,0.09530074553857572,0.9046992544614243
Inventors Submit Your Idea's,com.prime.pradeep,Business,Malicious,0.09530074553857572,0.9046992544614243
Forex Trading: Make You Money,com.koolappz.EP77704830001,Business,Malicious,0.09530074553857572,0.9046992544614243
JadeNote,com.expaand.jadenote,Productivity,Malicious,0.09530074553857572,0.9046992544614243
Macro Millionaire APP,com.macromillionaire,Business,Malicious,0.09530074553857572,0.9046992544614243
Emerson PT Pro,com.emersonclimate.PTPro,Tools,Malicious,0.09530074553857572,0.9046992544614243
EMERGENCY FLASHER HD,air.com.hyperactiveworks.emergencyflasher,Tools,Malicious,0.09530074553857572,0.9046992544614243
pracuj.pl,pl.pracuj.android.jobsearcher,Business,Malicious,0.09530074553857572,0.9046992544614243
NumPad for Linux,com.alim.npad,Tools,Malicious,0.09530074553857572,0.9046992544614243
Instant Options Trading APP,com.weeklyoptions,Business,Malicious,0.09530074553857572,0.9046992544614243
Giatras Law Firm,com.Giatras,Business,Malicious,0.09530074553857572,0.9046992544614243
Wunderlist Task Manager,com.wunderkinder.wunderlistandroid,Productivity,Malicious,0.09530074553857572,0.9046992544614243
SGX Stocks Calculator,com.Meowen.SharesCalc,Finance,Malicious,0.09530074553857572,0.9046992544614243
Help Smartphones Free,appinventor.ai_javier7422.Ayuda_Smartphones_free,Tools,Malicious,0.09530074553857572,0.9046992544614243
Brain Training,com.koolappz.EP77704480001,Productivity,Malicious,0.09530074553857572,0.9046992544614243
Stillwater Dental Group,com.trafficforcetech.stillwater,Business,Malicious,0.09530074553857572,0.9046992544614243
Taiwan Gamma Detector,com.dreamstep.wTaiwan_Gamma_Detector,Tools,Malicious,0.09530074553857572,0.9046992544614243
Mono Stock Portfolio,com.monostockportfolio,Finance,Malicious,0.09530074553857572,0.9046992544614243
BarCode Memory,com.wagachat.barcodestorage,Tools,Malicious,0.09530074553857572,0.9046992544614243
Universal M??vil,com.universal,Tools,Malicious,0.09530074553857572,0.9046992544614243
Trade Intelligence,be.wedev.tradeintelligence,Business,Malicious,0.09530074553857572,0.9046992544614243
UAChanger(UA??????????????????),biz.arank.uachanger,Tools,Malicious,0.09530074553857572,0.9046992544614243
GTasks,org.dayup.gtask,Productivity,Malicious,0.09530074553857572,0.9046992544614243
